Год;Время года;Климат;Город;Страна;Способ охлаждения;Режим при смешанном типе охлаждения;Способ обогрева;Возраст;Пол;Ощущение температуры;Ощущение температуры (bool);Предпочтительное изменение температуры;Ощущение движения воздуха (bool);Предпочтительное изменение движения воздуха;Оценка комфорта;Утепление;Температура воздуха в помещении;Температура воздуха на улице;RH;Скорость воздуха;Рост;Вес;Занавески;Вентилятор;Окно;Двери;Отопление;Среднемесячная температура на улице;Количество рекламаций
2011.0;Лето;Cубтропический океанический;Техас;США;Кондиционирование;;;22.0;;0.0;1.0;Без изменений;;Без изменений;3.5;0.54;22.9;22.8;48.9;0.26;;;1.0;1.0;;;;28.9;0
2011.0;Лето;Cубтропический океанический;Техас;США;Кондиционирование;;;40.0;;-2.0;1.0;Без изменений;;Без изменений;6.0;0.61;74.8;23.7;39.2;0.12;;;0.0;0.0;;;;84.0;0
2011.0;Лето;Cубтропический океанический;Техас;США;Кондиционирование;;;42.0;;1.0;1.0;Без изменений;;Без изменений;5.0;0.57;25.6;24.5;34.7;0.08;;;0.0;0.0;;;;32.8;0
2011.0;Лето;Cубтропический океанический;Техас;США;Кондиционирование;;;27.0;;-0.5;0.0;Теплее;;Без изменений;2.5;0.61;24.2;23.8;50.0;27.16;;;1.0;1.0;;;;28.9;1
2011.0;Лето;Cубтропический океанический;Техас;США;Кондиционирование;;;46.0;;0.0;1.0;Без изменений;;Меньше;4.5;0.57;23.8;24.1;35.8;63.83;;;1.0;1.0;;;;32.8;0
2011.0;Лето;Cубтропический океанический;Техас;США;Кондиционирование;;;27.0;;0.0;1.0;Без изменений;;Без изменений;5.0;0.54;24.0;23.9;34.8;0.21;;;1.0;1.0;;;;28.9;0
2011.0;Лето;Cубтропический океанический;Техас;США;Кондиционирование;;;32.0;;-1.0;1.0;Теплее;;Меньше;3.5;0.57;24.7;24.8;42.2;0.1;;;1.0;1.0;;;;32.8;0
2011.0;Лето;Cубтропический океанический;Техас;США;Кондиционирование;;;30.0;;-2.0;1.0;Теплее;;Без изменений;4.3;0.61;74.8;23.6;40.0;0.09;;;0.0;0.0;;;;32.8;0
2011.0;Лето;Cубтропический океанический;Техас;США;Кондиционирование;;;43.0;;0.0;1.0;Без изменений;;Без изменений;5.0;0.57;25.5;25.5;34.7;0.15;;;1.0;1.0;;;;32.8;0
2011.0;Лето;Cубтропический океанический;Техас;США;Кондиционирование;;;43.0;;1.0;0.0;Холоднее;;Больше;4.0;0.61;76.4;24.4;34.5;0.34;;;0.0;0.0;;;;31.7;0
2011.0;Лето;Cубтропический океанический;Техас;США;Кондиционирование;;;30.0;;-1.4;1.0;Холоднее;;Больше;5.2;0.57;25.7;24.8;33.1;18.65;;;0.0;0.0;;;;32.8;0
2011.0;Лето;Cубтропический океанический;Техас;США;Кондиционирование;;;51.0;;-0.5;1.0;Теплее;;Без изменений;4.0;0.54;23.7;24.1;43.7;0.31;;;1.0;1.0;;;;328.0;0
2011.0;Лето;Cубтропический океанический;Техас;США;Кондиционирование;;;32.0;;-1.0;1.0;Без изменений;;Меньше;4.5;0.57;24.6;24.6;38.4;0.14;;;0.0;0.0;;;;32.8;0
2011.0;Лето;Cубтропический океанический;Техас;США;Кондиционирование;;;26.0;;0.5;0.0;Холодн;;Больше;2.7;0.57;26.4;25.5;31.7;0.13;;;0.0;0.0;;;;32.8;1
2011.0;Лето;Cубтропический океанический;Техас;США;Кондиционирование;;;31.0;;-1.5;0.0;Теплее;;Без изменений;2.5;0.54;23.2;23.0;45.2;0.13;;;1.0;1.0;;;;84.0;1
2011.0;Лето;Cубтропический океанический;Техас;США;Кондиционирование;;;31.0;;0.0;1.0;Без изменений;;Без изменений;5.0;0.67;24.0;23.8;35.3;0.11;;;1.0;1.0;;;;29.4;0
2011.0;Лето;Cубтроп океанич;Техас;США;Кондиционирование;;;38.0;;0.0;1.0;Холоднее;;Больше;4.0;0.61;24.1;23.9;43.6;0.21;;;1.0;1.0;;;;31.7;0
2011.0;Лето;Cубтропический океанический;Техас;США;Кондиционирование;;;42.0;;-2.0;1.0;Без изменений;;Без изменений;6.0;0.61;24.4;24.1;43.5;0.14;;;1.0;1.0;;;;28.9;0
2011.0;Лето;Cубтропический океанический;Техас;США;Кондиционирование;;;34.0;;-2.0;0.0;Теплее;;Меньше;2.0;0.79;23.8;24.2;43.8;0.32;;;1.0;1.0;;;;32.8;1
2011.0;Лето;Cубтропический океанический;Техас;США;Кондиционирование;;;22.0;;2.0;0.0;Холоднее;;Больше;3.0;0.61;24.5;24.0;34.4;0.14;;;1.0;1.0;;;;31.7;1
2011.0;Лето;Cубтропический океанический;Техас;США;Кондиционирование;;;41.0;;0.0;1.0;Без изменений;;Без изменений;3.5;0.61;23.6;23.6;41.8;0.17;;;1.0;1.0;;;;91.0;0
2011.0;Лето;Cубтропический океанический;Техас;США;Кондиционирование;;;36.0;;1.5;1.0;Холоднее;;Больше;3.0;0.57;25.8;24.9;34.5;0.1;;;0.0;0.0;;;;28.9;3
2011.0;Лето;Cубтропический океанический;Техас;США;Кондиционирование;;;32.0;;-1.0;1.0;Без изменений;;Без изменений;5.0;0.57;24.2;23.9;38.7;0.09;;;0.0;0.0;;;;32.8;0
2011.0;Лето;Cубтропический океанический;Техас;США;Кондиционирование;;;37.0;;1.6;0.0;Холоднее;;Больше;2.2;0.57;77.0;24.7;33.3;0.07;;;0.0;0.0;;;;32.8;1
2011.0;Лето;Cубтропический океанический;Техас;США;Кондиционирование;;;42.0;;0.0;1.0;Холоднее;;Без изменений;3.0;0.61;23.8;23.8;39.4;0.19;;;1.0;1.0;;;;31.7;1
2011.0;Лето;Cубтропический океанический;Техас;США;Кондиционирование;;;34.0;;0.0;1.0;Без изменений;;Без изменений;4.0;0.54;23.3;23.1;40.8;0.17;;;1.0;1.0;;;;28.9;0
2011.0;Лето;Cубтропический океанический;Техас;США;Кондиционирование;;;48.0;;-1.0;1.0;Без изменений;;Без изменений;5.0;0.61;24.0;23.9;44.1;46.0;;;1.0;1.0;;;;31.7;0
2011.0;Лето;Cубтропический океанический;Техас;США;Кондиционирование;;;28.0;;-0.2;1.0;Холоднее;;Больше;2.8;0.57;25.1;24.2;34.2;0.07;;;0.0;0.0;;;;32.8;1
2011.0;Лето;Cубтропический океанический;Техас;США;Кондиционирование;;;30.0;;-0.5;1.0;Без изменений;;Меньше;4.0;0.79;23.9;24.6;40.4;47.97;;;1.0;1.0;;;;91.0;3
2011.0;Лето;Cубтропический океанический;Техас;США;Кондиционирование;;;29.0;;0.6;0.0;Холоднее;;Больше;2.5;0.57;24.6;24.0;34.9;0.06;;;0.0;0.0;;;;32.8;3
2011.0;Лето;Cубтропический океанический;Техас;США;Кондиционирование;;;28.0;;-1.3;1.0;Холоднее;;Больше;4.5;0.57;24.3;24.2;36.8;0.27;;;0.0;0.0;;;;91.0;0
2011.0;Лето;Cубтропический океанический;Техас;США;Кондиционирование;;;27.0;;0.5;1.0;Без изменений;;Без изменений;4.5;0.54;24.1;23.6;37.6;29.61;;;1.0;1.0;;;;28.9;0
2011.0;Лето;Cубтропический океанический;Техас;США;Кондиционирование;;;43.0;;1.0;1.0;Холоднее;;Без изменений;5.0;0.61;24.8;24.9;36.9;0.2;;;0.0;0.0;;;;31.7;0
2011.0;Лето;Cубтропический океанический;Техас;США;Кондиционирование;;;39.0;;-1.0;1.0;Тепле;;Меньше;4.0;0.57;74.9;24.2;42.8;0.32;;;1.0;1.0;;;;32.8;0
2011.0;Лето;Cубтропический океанический;Техас;США;Кондиционирование;;;29.0;;2.0;0.0;Холоднее;;Больше;3.0;0.61;24.3;24.1;35.0;0.17;;;1.0;1.0;;;;89.0;1
2011.0;Лето;Cубтропический океанический;Техас;США;Кондиционирование;;;43.0;;-1.0;1.0;Без изменений;;Без изменений;5.0;0.57;22.6;23.0;37.6;0.1;;;0.0;0.0;;;;28.9;0
2011.0;Лето;Cубтропический океанический;Техас;США;Кондиционирование;;;36.0;;-2.0;1.0;Теплее;;Без изменений;6.0;0.57;24.1;23.8;38.0;0.14;;;0.0;0.0;;;;28.9;0
2011.0;Лето;Cубтропический океанический;Техас;США;Кондиционирование;;;39.0;;0.0;1.0;Без изменений;;Без изменений;3.5;0.54;23.2;23.0;42.2;0.21;;;1.0;1.0;;;;28.9;0
2011.0;Лето;Cубтропический океанический;Техас;США;Кондиционирование;;;36.0;;1.0;1.0;Холоднее;;Больше;3.0;0.57;75.5;24.3;42.1;0.07;;;0.0;0.0;;;;28.9;1
2011.0;Лето;Cубтропический океанический;Техас;США;Кондиционирование;;;31.0;;2.0;0.0;Холоднее;;Больше;3.0;0.57;24.4;24.4;34.1;0.13;;;0.0;0.0;;;;89.0;1
2011.0;Лето;Cубтропический океанический;Техас;США;Кондиционирование;;;35.0;;0.0;1.0;Без изменений;;Меньше;5.0;0.57;24.7;24.7;39.4;0.11;;;0.0;0.0;;;;32.8;0
2011.0;Лето;Cубтропический океанический;Техас;США;Кондиционирование;;;32.0;;0.0;1.0;Холоднее;;Без изменений;5.0;0.61;75.7;24.1;42.6;0.28;;;1.0;1.0;;;;31.7;0
2011.0;Лето;Cубтропический океанический;Техас;США;Кондиционирование;;;26.0;;0.0;1.0;Без изменений;;Без изменений;3.5;0.54;23.4;22.9;39.1;0.11;;;1.0;1.0;;;;28.9;0
2011.0;Лето;Cубтропический океанический;Техас;США;Кондиционирование;;;29.0;;2.0;0.0;Холоднее;;Больше;3.0;0.54;24.1;24.0;34.8;0.21;;;1.0;1.0;;;;31.7;1
2011.0;Лето;Cубтропический океанический;Техас;США;Кондиционирование;;;25.0;;-2.0;1.0;Без изменений;;Без изменений;6.0;0.61;24.0;23.9;38.4;0.12;;;0.0;0.0;;;;84.0;0
2011.0;Лето;Cубтропический океанический;Техас;США;Кондиционирование;;;38.0;;-1.0;1.0;Без изменений;;Без изменений;5.0;0.61;74.0;23.3;43.9;0.15;;;1.0;1.0;;;;31.7;0
2011.0;Лето;Cубтропический океанический;Техас;США;Кондиционирование;;;46.0;;-2.0;1.0;Без изменений;;Без изменений;6.0;0.61;23.7;23.6;38.3;0.11;;;0.0;0.0;;;;28.9;0
2011.0;Лето;Cубтропический океанический;Техас;США;Кондиционирование;;;40.0;;0.0;1.0;Без изменений;;Больше;5.0;0.57;23.6;23.7;45.9;0.06;;;0.0;0.0;;;;28.9;0
2011.0;Лето;Cубтропический океанический;Техас;США;Кондиционирование;;;38.0;;-1.0;0.0;Теплее;;Меньше;2.0;0.61;23.8;24.0;42.3;0.36;;;1.0;1.0;;;;32.8;1
2011.0;Лето;Cубтропический океанический;Техас;США;Кондиционирование;;;26.0;;0.0;1.0;Холоднее;;Больше;4.0;0.54;24.3;24.0;35.3;0.13;;;1.0;1.0;;;;31.7;0
2011.0;Лето;Cубтропический океанический;Техас;США;Кондиционирование;;;38.0;;-0.5;1.0;Без изменений;;Меньше;4.5;0.61;23.8;24.2;42.1;0.33;;;1.0;1.0;;;;32.8;0
2011.0;Лето;Cубтропический океанический;Техас;США;Кондиционирование;;;50.0;;-2.0;1.0;Без изменений;;Без изменений;6.0;0.61;24.3;24.2;37.6;0.09;;;0.0;0.0;;;;28.9;0
2011.0;Лето;Cубтропический океанический;Техас;США;Кондиционирование;;;28.0;;0.0;1.0;Без изменений;;Меньше;5.0;0.57;23.9;24.3;35.9;0.33;;;1.0;1.0;;;;32.8;0
2011.0;Лето;Cубтропический океанический;Техас;США;Кондиционирование;;;34.0;;-2.0;1.0;Без изменений;;Без изменений;6.0;0.61;23.9;23.7;39.2;26.49;;;0.0;0.0;;;;28.9;0
2011.0;Лето;Cубтропический океанический;Техас;США;Кондиционирование;;;51.0;;-2.0;1.0;Без изменений;;Без изменений;6.0;0.61;75.7;24.1;38.5;0.12;;;0.0;0.0;;;;28.9;0
2011.0;Лето;Cубтропический океанический;Техас;США;Кондиционирование;;;39.0;;-1.0;1.0;Без изменений;;Без изменений;5.0;0.57;25.0;25.0;36.0;0.12;;;0.0;0.0;;;;32.8;0
2011.0;Лето;Cубтропический океанический;Техас;США;Кондиционирование;;;26.0;;-1.0;0.0;Теплее;;Меньше;3.0;0.57;23.8;24.1;44.3;0.33;;;1.0;1.0;;;;32.8;1
2011.0;Лето;Cубтропический океанический;Техас;США;Кондиционирование;;;25.0;;1.0;1.0;Холоднее;;Без изменений;4.0;0.61;24.1;24.0;37.9;0.14;;;1.0;1.0;;;;31.7;0
2011.0;Лето;Cубтропический океанический;Техас;США;Кондиционирование;;;51.0;;-2.0;1.0;Без изменений;;Без изменений;6.0;0.61;24.3;24.1;38.0;0.11;;;0.0;0.0;;;;28.9;0
2011.0;Лето;Cубтропический океанический;Техас;США;Кондиционирование;;;34.0;;2.0;0.0;Холоднее;;Больше;3.0;0.57;24.5;24.1;34.1;22.68;;;0.0;0.0;;;;31.7;1
2011.0;Лето;Cубтропический океанический;Техас;США;Кондиционирование;;;50.0;;-1.0;0.0;Теплее;;Без изменений;2.0;0.57;23.8;24.1;43.6;0.35;;;1.0;1.0;;;;32.8;1
2011.0;Лето;Cубтропический океанический;Техас;США;Кондиционирование;;;39.0;;1.2;0.0;Холоднее;;Больше;2.3;0.57;26.2;25.1;30.8;0.08;;;0.0;0.0;;;;32.8;1
2011.0;Лето;Cубтропический океанический;Техас;США;Кондиционирование;;;35.0;;-2.0;1.0;Без изменений;;Без изменений;6.0;0.61;24.1;23.9;39.5;0.14;;;0.0;0.0;;;;28.9;0
2011.0;Лето;Cубтропический океанический;Техас;США;Кондиционирование;;;35.0;;0.0;1.0;Без изменений;;Без изменений;3.5;0.61;24.4;23.9;37.4;0.14;;;1.0;1.0;;;;28.9;0
2011.0;Лето;Cубтропический океанический;Техас;США;Кондиционирование;;;34.0;;0.0;1.0;Без изменений;;Больше;5.0;0.61;23.9;23.8;43.2;0.19;;;1.0;1.0;;;;31.7;0
2011.0;Лето;Cубтропический океанический;Техас;США;Кондиционирование;;;52.0;;-1.0;1.0;Без изменений;;Без изменений;5.0;0.57;26.9;25.2;33.0;14.85;;;0.0;0.0;;;;32.8;0
2011.0;Лето;Cубтропический океанический;Техас;США;Кондиционирование;;;46.0;;-1.0;0.0;Теплее;;Без изменений;3.5;0.61;24.0;23.4;41.0;0.14;;;1.0;1.0;;;;28.9;0
2011.0;Лето;Cубтропический океанический;Техас;США;Кондиционирование;;;43.0;;-0.5;1.0;Теплее;;Меньше;4.0;0.57;74.9;23.8;35.6;0.16;;;1.0;1.0;;;;84.0;0
2011.0;Лето;Cубтропический океанический;Техас;США;Кондиционирование;;;38.0;;1.5;1.0;Холоднее;;Без изменений;4.0;0.57;26.0;25.9;53.4;0.11;;;0.0;0.0;;;;91.0;0
2011.0;Лето;Cубтропический океанический;Техас;США;Кондиционирование;;;58.0;;-2.0;1.0;Без изменений;;Без изменений;6.0;0.61;24.1;23.9;38.1;0.12;;;0.0;0.0;;;;28.9;0
2011.0;Лето;Cубтропический океанический;Техас;США;Кондиционирование;;;46.0;;0.0;1.0;Без изменений;;Без изменений;6.0;0.57;26.3;24.7;34.0;8.2;;;0.0;0.0;;;;28.9;0
2011.0;Лето;Cубтропический океанический;Техас;США;Кондиционирование;;;23.0;;1.0;0.0;Холоднее;;Больше;3.0;0.61;24.7;24.5;39.5;0.18;;;0.0;0.0;;;;31.7;1
2010.0;Лето;Cубтропический океанический;Сидней;Австралия;Смешанный;Кондиционирование;Механическое отопление;55.0;Женский;-1.0;0.0;Теплее;0.0;Меньше;;0.54;24.4;;56.1;0.18;;;;;;;;22.0;0
2010.0;Лето;Cубтропический океанический;Сидней;Австралия;Смешанный;Кондиционирование;Механическое отопление;55.0;Женский;0.0;1.0;Без изменений;1.0;Без изменений;;0.59;25.3;;74.0;0.04;;;;;;;;22.0;0
2010.0;Лето;Cубтропический океанический;Сидней;Австралия;Смешанный;Кондиционирование;Механическое отопление;55.0;Мужской;1.0;1.0;Без изменений;1.0;Без изменений;;0.43;25.7;;60.7;0.14;;;;;1.0;;;22.0;0
2010.0;Лето;Cубтропический океанический;Сидней;Австралия;Смешанный;Кондиционирование;Механическое отопление;25.0;Женский;0.0;1.0;Без изменений;1.0;Без изменений;;0.43;24.5;;56.8;0.11;;;;;0.0;0.0;;22.0;0
2010.0;Лето;Cубтропический океанический;Сидней;Австралия;Смешанный;Кондиционирование;Механическое отопление;35.0;Мужской;3.0;0.0;Холодн;0.0;Больше;;0.46;25.7;;64.1;0.12;;;;;1.0;1.0;;22.0;0
2010.0;Лето;Cубтропический океанический;Сидней;Австралия;Смешанный;Кондиционирование;Механическое отопление;45.0;Мужской;1.0;1.0;Без изменений;1.0;Без изменений;;0.52;24.7;;58.0;0.09;;;;;;;;22.0;0
2010.0;Лето;Cубтропический океанический;Сидней;Австралия;Смешанный;Кондиционирование;Механическое отопление;35.0;Мужской;0.0;1.0;Без изменений;1.0;Без изменений;;0.46;24.6;;76.6;0.07;;;;;0.0;0.0;;22.0;0
2010.0;Лето;Cубтропический океанический;Сидней;Австралия;Смешанный;Кондиционирование;Механическое отопление;35.0;Мужской;0.0;1.0;Без изменений;1.0;Без изменений;;0.46;24.2;;62.5;0.07;;;;;0.0;0.0;;22.0;0
2010.0;Лето;Cубтропический океанический;Сидней;Австралия;Смешанный;Кондиционирование;Механическое отопление;55.0;Женский;0.0;1.0;Без изменений;1.0;Без изменений;;0.39;25.2;;64.4;0.07;;;;;0.0;0.0;;22.0;0
2010.0;Лето;Cубтропический океанический;Сидней;Австралия;Смешанный;Кондиционирование;Механическое отопление;55.0;Женский;2.0;0.0;Холоднее;0.0;Больше;;0.39;24.8;;55.5;0.08;;;;;1.0;;;220.0;0
2010.0;Лето;Cубтропический океанический;Сидней;Австралия;Смешанный;Кондиционирование;Механическое отопление;55.0;Женский;0.0;1.0;Без изменений;1.0;Без изменений;;0.55;24.0;;75.8;0.08;;;;;0.0;0.0;;22.0;0
2010.0;Лето;Cубтропический океанический;Сидней;Австралия;Смешанный;Кондиционирование;Механическое отопление;45.0;Мужской;0.0;1.0;Без изменений;1.0;Без изменений;;0.43;22.6;;66.8;0.11;;;;;;;;22.0;0
2010.0;Лето;Cубтропический океанический;Сидней;Австралия;Смешанный;Кондиционирование;Механическое отопление;35.0;Женский;2.0;0.0;Холоднее;0.0;Больше;;0.45;25.2;;67.4;0.07;;;;;;;;22.0;0
2010.0;Лето;Cубтропический океанический;Сидней;Австралия;Смешанный;Кондиционирование;Механическое отопление;45.0;Мужской;0.0;1.0;Без изменений;1.0;Без изменений;;0.41;25.0;;73.1;0.08;;;;;1.0;;;22.0;0
2010.0;Лето;Cубтропический океанический;Сидней;Австралия;Смешанный;Вентиляция;Механическое отопление;55.0;Женский;0.0;1.0;Без изменений;1.0;Без изменений;;0.46;21.9;;55.0;0.05;;;;;0.0;0.0;;22.0;0
2010.0;Лето;Cубтропический океанический;Сидней;Австралия;Смешанный;Вентиляция;Механическое отопление;35.0;Мужской;0.0;1.0;Без изменений;1.0;Без изменений;;0.46;22.0;;52.5;0.07;;;;;0.0;0.0;;22.0;0
2010.0;Лето;Cубтропический океанический;Сидней;Австралия;Смешанный;Кондиционирование;Механическое отопление;45.0;Мужской;1.0;1.0;Холоднее;1.0;Без изменений;;0.46;22.7;;47.8;0.12;;;;;;1.0;;22.0;0
2010.0;Лето;Cубтропический океанический;Сидней;Австралия;Смешанный;Кондиционирование;Механическое отопление;45.0;Мужской;1.0;1.0;Холоднее;1.0;Без изменений;;0.41;24.5;;60.3;0.09;;;;;0.0;0.0;;22.0;0
2010.0;Лето;Cубтропический океанический;Сидней;Австралия;Смешанный;Вентиляция;Механическое отопление;35.0;Мужской;1.0;1.0;Без изменений;1.0;Без изменений;;0.46;24.2;;47.5;0.07;;;;;0.0;0.0;;22.0;0
2010.0;Лето;Cубтропический океанический;Сидней;Австралия;Смешанный;Вентиляция;Механическое отопление;35.0;Мужской;1.0;1.0;Без изменений;1.0;Без изменений;;0.46;23.7;;60.1;0.09;;;;;1.0;;;22.0;0
2010.0;Лето;Cубтропический океанический;Сидней;Австралия;Смешанный;Кондиционирование;Механическое отопление;55.0;Женский;1.0;1.0;Без изменений;1.0;Без изменений;;0.37;25.3;;71.5;0.12;;;;;1.0;;;22.0;0
2010.0;Лето;Cубтропический океанический;Сидней;Австралия;Смешанный;Кондиционирование;Механическое отопление;35.0;Мужской;0.0;1.0;Без изменений;1.0;Без изменений;;0.55;24.1;;62.6;0.06;;;;;0.0;0.0;;22.0;0
2010.0;Лето;Cубтропический океанический;Сидней;Австралия;Смешанный;Кондиционирование;Механическое отопление;45.0;Мужской;0.0;1.0;Без изменений;1.0;Без изменений;;0.46;24.2;;74.8;0.12;;;;;;;;22.0;0
2010.0;Лето;Cубтропический океанический;Сидней;Австралия;Смешанный;Вентиляция;Механическое отопление;35.0;Мужской;1.0;1.0;Без изменений;1.0;Без изменений;;0.46;22.2;;61.5;0.12;;;;;0.0;1.0;;22.0;0
2010.0;Лето;Cубтропический океанический;Сидней;Австралия;Смешанный;Кондиционирование;Механическое отопление;25.0;Женский;0.0;1.0;Без изменений;1.0;Без изменений;;0.4;23.2;;63.2;0.09;;;;;0.0;0.0;;22.0;0
2010.0;Лето;Cубтропический океанический;Сидней;Австралия;Смешанный;Кондиционирование;Механическое отопление;25.0;Мужской;0.0;1.0;Без изменений;1.0;Без изменений;;0.46;24.7;;58.5;0.1;;;;;;;;22.0;0
2010.0;Лето;Cубтропический океанический;Сидней;Австралия;Смешанный;Кондиционирование;Механическое отопление;45.0;Мужской;0.0;1.0;Без изменений;1.0;Без изменений;;0.55;24.3;;58.6;0.08;;;;;;;;22.0;0
2010.0;Лето;Cубтропический океанический;Сидней;Австралия;Смешанный;Кондиционирование;Механическое отопление;45.0;Мужской;0.0;1.0;Без изменений;1.0;Без изменений;;0.46;24.3;;60.0;0.08;;;;;0.0;0.0;;22.0;0
2010.0;Лето;Cубтропический океанический;Сидней;Австралия;Смешанный;Кондиционирование;Механическое отопление;55.0;Женский;1.0;1.0;Без изменений;1.0;Без изменений;;0.46;24.4;;68.7;0.09;;;;;;;;22.0;0
2010.0;Лето;Cубтропический океанический;Сидней;Австралия;Смешанный;Вентиляция;Механическое отопление;55.0;Женский;0.0;1.0;Без изменений;1.0;Без изменений;;0.43;22.3;;58.5;0.08;;;;;;;;22.0;0
2010.0;Лето;Cубтропический океанический;Сидней;Австралия;Смешанный;Вентиляция;Механическое отопление;45.0;Женский;-1.0;0.0;Теплее;1.0;Без изменений;;0.39;23.6;;58.3;0.08;;;;;0.0;0.0;;22.0;0
2010.0;Лето;Cубтропический океанический;Сидней;Австралия;Смешанный;Кондиционирование;Механическое отопление;65.0;Женский;1.0;0.0;Холоднее;0.0;Больше;;0.39;24.8;;51.6;0.12;;;;;;;;22.0;0
2010.0;Лето;Cубтропический океанический;Сидней;Австралия;Смешанный;Кондиционирование;Механическое отопление;45.0;Мужской;2.0;0.0;Холоднее;0.0;Больше;;0.4;24.2;;53.3;0.12;;;;;0.0;0.0;;22.0;0
2010.0;Лето;Cубтропический океанический;Сидней;Австралия;Смешанный;Кондиционирование;Механическое отопление;35.0;Мужской;0.0;1.0;Без изменений;1.0;Без изменений;;0.46;23.0;;62.2;0.11;;;;;0.0;0.0;;22.0;0
2010.0;Лето;Cубтропический океанический;Сидней;Австралия;Смешанный;Вентиляция;Механическое отопление;35.0;Мужской;0.0;1.0;Без изменений;1.0;Без изменений;;0.58;22.4;;60.2;0.1;;;;;0.0;0.0;;22.0;0
2010.0;Лето;Cубтропический океанический;Сидней;Австралия;Смешанный;Кондиционирование;Механическое отопление;35.0;Женский;1.0;1.0;Без изменений;1.0;Без изменений;;0.68;24.4;;59.0;0.09;;;;;0.0;0.0;;22.0;0
2010.0;Лето;Cубтропический океанический;Сидней;Австралия;Смешанный;Кондиционирование;Механическое отопление;55.0;Мужской;0.0;1.0;Без изменений;1.0;Без изменений;;0.46;24.2;;62.8;0.08;;;;;0.0;0.0;;22.0;0
2010.0;Лето;Cубтропический океанический;Сидней;Австралия;Смешанный;Вентиляция;Механическое отопление;45.0;Женский;1.0;1.0;Без изменений;0.0;Больше;;0.52;24.3;;59.5;0.09;;;;;;;;22.0;0
2010.0;Лето;Cубтропический океанический;Сидней;Австралия;Смешанный;Кондиционирование;Механическое отопление;55.0;Мужской;0.0;1.0;Без изменений;1.0;Без изменений;;0.46;24.6;;70.1;0.08;;;;;0.0;0.0;;22.0;0
2010.0;Лето;Cубтропический океанический;Сидней;Австралия;Смешанный;Кондиционирование;Механическое отопление;55.0;Мужской;0.0;1.0;Без изменений;1.0;Без изменений;;0.46;24.5;;71.5;0.11;;;;;1.0;0.0;;22.0;0
2010.0;Лето;Cубтропический океанический;Сидней;Австралия;Смешанный;Вентиляция;Механическое отопление;55.0;Женский;-2.0;0.0;Теплее;0.0;Меньше;;0.71;22.5;;68.4;0.1;;;;;0.0;0.0;;22.0;0
2010.0;Лето;Cубтропический океанический;Сидней;Австралия;Смешанный;Кондиционирование;Механическое отопление;45.0;Женский;1.0;1.0;Без изменений;1.0;Без изменений;;0.42;25.3;;69.4;0.13;;;;;1.0;1.0;;22.0;0
2010.0;Лето;Cубтропический океанический;Сидней;Австралия;Смешанный;Кондиционирование;Механическое отопление;65.0;Мужской;0.0;1.0;Без изменений;1.0;Без изменений;;0.46;25.0;;73.1;0.06;;;;;0.0;0.0;;22.0;0
2010.0;Лето;Cубтропический океанический;Сидней;Австралия;Смешанный;Вентиляция;Механическое отопление;45.0;Мужской;0.0;1.0;Без изменений;1.0;Без изменений;;0.55;23.5;;64.0;0.07;;;;;0.0;0.0;;22.0;0
2010.0;Лето;Cубтропический океанический;Сидней;Австралия;Смешанный;Кондиционирование;Механическое отопление;35.0;Мужской;1.0;0.0;Холоднее;0.0;Больше;;0.46;24.4;;64.1;0.04;;;;;1.0;;;22.0;0
2010.0;Лето;Cубтропический океанический;Сидней;Австралия;Смешанный;Вентиляция;Механическое отопление;55.0;Женский;0.0;1.0;Без изменений;1.0;Без изменений;;0.59;22.9;;65.6;0.04;;;;;;;;22.0;0
2010.0;Лето;Cубтропический океанический;Сидней;Австралия;Смешанный;Кондиционирование;Механическое отопление;55.0;Женский;1.0;1.0;Без изменений;0.0;Без изменений;;0.41;24.5;;64.4;0.07;;;;;;;;22.0;0
2010.0;Лето;Cубтропический океанический;Сидней;Австралия;Смешанный;Кондиционирование;Механическое отопление;45.0;Женский;2.0;0.0;Холоднее;0.0;Больше;;0.39;24.3;;68.5;0.08;;;;;;;;22.0;0
2010.0;Лето;Cубтропический океанический;Сидней;Австралия;Смешанный;Вентиляция;Механическое отопление;45.0;Женский;0.0;1.0;Без изменений;1.0;Без изменений;;0.82;23.4;;57.1;0.08;;;;;;;;22.0;0
2010.0;Лето;Cубтропический океанический;Сидней;Австралия;Смешанный;Кондиционирование;Механическое отопление;55.0;Мужской;1.0;1.0;Без изменений;1.0;Без изменений;;0.46;24.2;;59.5;0.16;;;;;1.0;;;22.0;0
2010.0;Лето;Cубтропический океанический;Сидней;Австралия;Смешанный;Кондиционирование;Механическое отопление;45.0;Мужской;1.0;1.0;Без изменений;1.0;Без изменений;;0.46;25.2;;54.5;0.1;;;;;1.0;;;22.0;0
2010.0;Лето;Cубтропический океанический;Сидней;Австралия;Смешанный;Кондиционирование;Механическое отопление;55.0;Женский;0.0;1.0;Без изменений;1.0;Без изменений;;0.43;25.2;;68.3;0.06;;;;;;;;22.0;0
2010.0;Лето;Cубтропический океанический;Сидней;Австралия;Смешанный;Кондиционирование;Механическое отопление;55.0;Женский;0.0;1.0;Без изменений;0.0;Меньше;;0.4;25.6;;70.4;0.31;;;;;0.0;0.0;;22.0;0
2010.0;Лето;Cубтропический океанический;Сидней;Австралия;Смешанный;Кондиционирование;Механическое отопление;45.0;Мужской;0.0;1.0;Без изменений;1.0;Без изменений;;0.46;24.3;;72.1;0.09;;;;;;;;22.0;0
2010.0;Лето;Cубтропический океанический;Сидней;Австралия;Смешанный;Кондиционирование;Механическое отопление;35.0;Мужской;1.0;1.0;Без изменений;1.0;Без изменений;;0.41;24.7;;58.0;0.07;;;;;;;;22.0;0
2010.0;Лето;Cубтропический океанический;Сидней;Австралия;Смешанный;Кондиционирование;Механическое отопление;45.0;Мужской;1.0;1.0;Без изменений;1.0;Без изменений;;0.41;24.5;;52.5;0.08;;;;;0.0;0.0;;22.0;0
2010.0;Лето;Cубтропический океанический;Сидней;Австралия;Смешанный;Кондиционирование;Механическое отопление;55.0;Женский;0.0;1.0;Без изменений;1.0;Без изменений;;0.63;24.2;;43.5;0.09;;;;;;;;22.0;0
2010.0;Лето;Cубтропический океанический;Сидней;Австралия;Смешанный;Кондиционирование;Механическое отопление;25.0;Мужской;0.8;1.0;Без изменений;0.0;Больше;;0.52;22.8;;59.0;0.08;;;;;0.0;0.0;;22.0;0
2010.0;Лето;Cубтропический океанический;Сидней;Австралия;Смешанный;Кондиционирование;Механическое отопление;45.0;Мужской;0.0;1.0;Без изменений;1.0;Без изменений;;0.43;24.0;;63.9;0.09;;;;;;;;22.0;0
2010.0;Лето;Cубтропический океанический;Сидней;Австралия;Смешанный;Вентиляция;Механическое отопление;25.0;Женский;0.0;1.0;Без изменений;1.0;Без изменений;;0.38;22.5;;49.3;0.11;;;;;0.0;0.0;;22.0;0
2010.0;Лето;Cубтропический океанический;Сидней;Австралия;Смешанный;Кондиционирование;Механическое отопление;55.0;Женский;1.0;1.0;Без изменений;1.0;Без изменений;;0.42;24.6;;56.6;0.08;;;;;0.0;0.0;;22.0;0
2010.0;Лето;Cубтропический океанический;Сидней;Австралия;Смешанный;Кондиционирование;Механическое отопление;65.0;Женский;0.0;1.0;Без изменений;1.0;Без изменений;;0.64;25.0;;35.7;0.19;;;;;;;;22.0;0
2010.0;Лето;Cубтропический океанический;Сидней;Австралия;Смешанный;Кондиционирование;Механическое отопление;35.0;Мужской;1.1;1.0;Холоднее;1.0;Больше;;0.41;25.2;;67.4;0.05;;;;;;;;22.0;0
2010.0;Лето;Cубтропический океанический;Сидней;Австралия;Смешанный;Кондиционирование;Механическое отопление;45.0;Мужской;0.0;1.0;Без изменений;1.0;Без изменений;;0.58;23.5;;57.6;0.1;;;;;;0.0;;22.0;0
2010.0;Лето;Cубтропический океанический;Сидней;Австралия;Смешанный;Кондиционирование;Механическое отопление;45.0;Мужской;1.0;1.0;Без изменений;1.0;Без изменений;;0.46;24.2;;53.1;0.1;;;;;0.0;0.0;;22.0;0
2010.0;Лето;Cубтропический океанический;Сидней;Австралия;Смешанный;Кондиционирование;Механическое отопление;55.0;Женский;0.0;1.0;Без изменений;1.0;Без изменений;;0.43;23.5;;62.3;0.07;;;;;0.0;0.0;;22.0;0
2010.0;Лето;Cубтропический океанический;Сидней;Австралия;Смешанный;Кондиционирование;Механическое отопление;55.0;Женский;-1.0;1.0;Теплее;1.0;Без изменений;;0.66;25.0;;74.1;0.05;;;;;;;;22.0;0
2010.0;Лето;Cубтропический океанический;Сидней;Австралия;Смешанный;Вентиляция;Механическое отопление;35.0;Мужской;1.0;1.0;Без изменений;1.0;Без изменений;;0.46;22.3;;68.6;0.12;;;;;0.0;0.0;;22.0;0
2010.0;Лето;Cубтропический океанический;Сидней;Австралия;Смешанный;Кондиционирование;Механическое отопление;45.0;Мужской;-1.0;1.0;Тепле;0.0;Меньше;;0.59;23.6;;54.3;0.1;;;;;;;;22.0;0
2010.0;Лето;Cубтропический океанический;Сидней;Австралия;Смешанный;Кондиционирование;Механическое отопление;45.0;Мужской;1.0;0.0;Холоднее;1.0;Без изменений;;0.4;24.4;;71.8;0.05;;;;;;;;22.0;0
2010.0;Лето;Cубтропический океанический;Сидней;Австралия;Смешанный;Вентиляция;Механическое отопление;35.0;Мужской;1.0;1.0;Без изменений;1.0;Больше;;0.5;23.7;;62.4;0.14;;;;;1.0;;;22.0;0
2010.0;Лето;Cубтропический океанический;Сидней;Австралия;Смешанный;Вентиляция;Механическое отопление;35.0;Мужской;1.1;1.0;Холоднее;1.0;Без изменений;;0.55;22.4;;58.2;0.05;;;;;;;;22.0;0
2010.0;Лето;Cубтропический океанический;Сидней;Австралия;Смешанный;Кондиционирование;Механическое отопление;25.0;Женский;1.0;1.0;Без изменений;1.0;Без изменений;;0.64;25.4;;56.3;0.05;;;;;;;;22.0;0
2010.0;Лето;Cубтропический океанический;Сидней;Австралия;Смешанный;Кондиционирование;Механическое отопление;35.0;Мужской;1.0;1.0;Без изменений;0.0;Больше;;0.46;25.2;;69.7;0.06;;;;;;;;22.0;0
2010.0;Лето;Cубтропический океанический;Сидней;Австралия;Смешанный;Кондиционирование;Механическое отопление;45.0;Мужской;0.0;1.0;Без изменений;1.0;Без изменений;;0.41;24.8;;71.1;0.07;;;;;1.0;;;22.0;0
2010.0;Лето;Cубтропический океанический;Сидней;Австралия;Смешанный;Кондиционирование;Механическое отопление;35.0;Мужской;1.0;0.0;Холоднее;1.0;Без изменений;;0.41;24.7;;56.3;0.08;;;;;;;;22.0;0
2010.0;Лето;Cубтропический океанический;Сидней;Австралия;Смешанный;Кондиционирование;Механическое отопление;65.0;Мужской;0.0;1.0;Без изменений;1.0;Без изменений;;0.46;24.9;;61.4;0.08;;;;;0.0;0.0;;22.0;0
2010.0;Лето;Cубтропический океанический;Сидней;Австралия;Смешанный;Кондиционирование;Механическое отопление;45.0;Мужской;1.0;1.0;Холоднее;0.0;Больше;;0.46;24.3;;62.4;0.1;;;;;0.0;1.0;;22.0;0
2010.0;Лето;Cубтропический океанический;Сидней;Австралия;Смешанный;Кондиционирование;Механическое отопление;35.0;Мужской;1.0;1.0;Холоднее;1.0;Без изменений;;0.46;25.4;;59.2;0.08;;;;;;;;22.0;0
2010.0;Лето;Cубтропический океанический;Сидней;Австралия;Смешанный;Вентиляция;Механическое отопление;45.0;Мужской;0.0;1.0;Без изменений;1.0;Без изменений;;0.36;23.6;;64.1;0.11;;;;;;;;22.0;0
2010.0;Лето;Cубтропический океанический;Сидней;Австралия;Смешанный;Кондиционирование;Механическое отопление;45.0;Мужской;1.0;0.0;Холоднее;0.0;Больше;;0.5;25.4;;64.0;0.11;;;;;;;;22.0;0
2010.0;Лето;Cубтропический океанический;Сидней;Австралия;Смешанный;Вентиляция;Механическое отопление;35.0;Мужской;1.0;1.0;Холоднее;0.0;Больше;;0.41;21.9;;60.6;0.08;;;;;0.0;0.0;;22.0;0
2010.0;Лето;Cубтропический океанический;Сидней;Австралия;Смешанный;Кондиционирование;Механическое отопление;55.0;Мужской;0.0;1.0;Без изменений;1.0;Без изменений;;0.46;24.4;;59.3;0.11;;;;;1.0;;;22.0;0
2010.0;Лето;Cубтропический океанический;Сидней;Австралия;Смешанный;Кондиционирование;Механическое отопление;45.0;Женский;1.0;0.0;Холоднее;1.0;Больше;;0.52;25.0;;64.0;0.06;;;;;0.0;0.0;;22.0;0
2010.0;Лето;Cубтропический океанический;Сидней;Австралия;Смешанный;Кондиционирование;Механическое отопление;35.0;Мужской;0.0;1.0;Без изменений;1.0;Без изменений;;0.46;25.2;;72.7;0.08;;;;;0.0;0.0;;22.0;0
2010.0;Лето;Cубтропический океанический;Сидней;Австралия;Смешанный;Кондиционирование;Механическое отопление;55.0;Женский;2.0;0.0;Холоднее;0.0;Больше;;0.37;25.0;;50.9;0.09;;;;;1.0;;;22.0;0
2010.0;Лето;Cубтропический океанический;Сидней;Австралия;Смешанный;Кондиционирование;Механическое отопление;35.0;Женский;1.0;1.0;Холоднее;1.0;Без изменений;;0.37;24.2;;54.6;0.11;;;;;0.0;0.0;;22.0;0
2010.0;Лето;Cубтропический океанический;Сидней;Австралия;Смешанный;Кондиционирование;Механическое отопление;45.0;Мужской;1.0;0.0;Холоднее;0.0;Больше;;0.4;24.4;;58.2;0.13;;;;;0.0;0.0;;22.0;0
2010.0;Лето;Cубтропический океанический;Сидней;Австралия;Смешанный;Кондиционирование;Механическое отопление;45.0;Женский;1.0;0.0;Холоднее;0.0;Больше;;0.41;24.9;;60.2;0.06;;;;;0.0;0.0;;22.0;0
2010.0;Лето;Cубтропический океанический;Сидней;Австралия;Смешанный;Кондиционирование;Механическое отопление;35.0;Мужской;-0.1;1.0;Без изменений;1.0;Без изменений;;0.46;24.5;;71.7;0.11;;;;;1.0;;;22.0;0
2010.0;Лето;Cубтропический океанический;Сидней;Австралия;Смешанный;Кондиционирование;Механическое отопление;55.0;Мужской;0.0;1.0;Без изменений;1.0;Без изменений;;0.46;24.6;;55.5;0.11;;;;;;;;22.0;0
2010.0;Лето;Cубтропический океанический;Сидней;Австралия;Смешанный;Кондиционирование;Механическое отопление;55.0;Женский;0.8;1.0;Холоднее;0.0;Больше;;0.39;23.6;;54.3;0.11;;;;;0.0;0.0;;22.0;0
2010.0;Лето;Cубтропический океанический;Сидней;Австралия;Смешанный;Кондиционирование;Механическое отопление;65.0;Женский;-1.0;1.0;Теплее;0.0;Меньше;;0.51;25.1;;60.3;0.11;;;;;;;;22.0;0
2010.0;Лето;Cубтропический океанический;Сидней;Австралия;Смешанный;Кондиционирование;Механическое отопление;35.0;Мужской;2.0;0.0;Холоднее;1.0;Без изменений;;0.41;25.4;;50.4;0.07;;;;;0.0;0.0;;22.0;0
2010.0;Лето;Cубтропический океанический;Сидней;Австралия;Смешанный;Кондиционирование;Механическое отопление;35.0;Женский;2.0;0.0;Холоднее;0.0;Больше;;0.39;25.0;;65.4;0.04;;;;;0.0;1.0;;22.0;0
2010.0;Лето;Cубтропический океанический;Сидней;Австралия;Смешанный;Кондиционирование;Механическое отопление;45.0;Мужской;0.0;1.0;Без изменений;1.0;Без изменений;;0.46;25.0;;73.1;0.07;;;;;0.0;0.0;;22.0;0
2010.0;Лето;Cубтропический океанический;Сидней;Австралия;Смешанный;Вентиляция;Механическое отопление;35.0;Мужской;0.0;1.0;Без изменений;1.0;Без изменений;;0.46;23.6;;58.1;0.06;;;;;;;;22.0;0
2010.0;Лето;Cубтропический океанический;Сидней;Австралия;Смешанный;Кондиционирование;Механическое отопление;65.0;Женский;1.1;0.0;Холоднее;0.0;Больше;;0.42;24.1;;55.6;0.13;;;;;;;;22.0;0
2010.0;Лето;Cубтропический океанический;Сидней;Австралия;Смешанный;Кондиционирование;Механическое отопление;55.0;Мужской;1.0;1.0;Без изменений;1.0;Без изменений;;0.46;24.1;;66.8;0.11;;;;;0.0;0.0;;22.0;0
2010.0;Лето;Cубтропический океанический;Сидней;Австралия;Смешанный;Кондиционирование;Механическое отопление;45.0;Мужской;1.0;1.0;Без изменений;1.0;Без изменений;;0.41;24.8;;69.8;0.08;;;;;0.0;0.0;;22.0;0
2010.0;Лето;Cубтропический океанический;Сидней;Австралия;Смешанный;Кондиционирование;Механическое отопление;35.0;Женский;0.0;1.0;Без изменений;1.0;Без изменений;;0.43;23.9;;53.7;0.08;;;;;0.0;0.0;;22.0;0
2010.0;Лето;Cубтропический океанический;Сидней;Австралия;Смешанный;Кондиционирование;Механическое отопление;35.0;Мужской;0.0;1.0;Без изменений;1.0;Без изменений;;0.5;24.5;;54.3;0.06;;;;;0.0;0.0;;22.0;0
2010.0;Лето;Cубтропический океанический;Сидней;Австралия;Смешанный;Кондиционирование;Механическое отопление;45.0;Мужской;0.0;1.0;Без изменений;0.0;Больше;;0.46;24.1;;55.6;0.12;;;;;;0.0;;22.0;0
2010.0;Лето;Cубтропический океанический;Сидней;Австралия;Смешанный;Вентиляция;Механическое отопление;55.0;Женский;0.0;1.0;Без изменений;1.0;Без изменений;;0.41;22.5;;49.4;0.08;;;;;1.0;;;22.0;0
2010.0;Лето;Cубтропический океанический;Сидней;Австралия;Смешанный;Кондиционирование;Механическое отопление;45.0;Женский;3.0;0.0;Холоднее;0.0;Больше;;0.52;22.9;;59.0;0.14;;;;;;;;22.0;0
2010.0;Лето;Cубтропический океанический;Сидней;Австралия;Смешанный;Кондиционирование;Механическое отопление;55.0;Женский;1.0;0.0;Холоднее;0.0;Больше;;0.42;24.4;;59.6;0.06;;;;;0.0;0.0;;22.0;0
2010.0;Лето;Cубтропический океанический;Сидней;Австралия;Смешанный;Вентиляция;Механическое отопление;35.0;Женский;0.0;1.0;Без изменений;1.0;Без изменений;;0.56;21.1;;53.6;0.06;;;;;1.0;0.0;;22.0;0
2010.0;Лето;Cубтропический океанический;Сидней;Австралия;Смешанный;Кондиционирование;Механическое отопление;35.0;Мужской;1.0;1.0;Без изменений;1.0;Без изменений;;0.46;25.1;;54.8;0.11;;;;;1.0;;;22.0;0
2010.0;Лето;Cубтропический океанический;Сидней;Австралия;Смешанный;Кондиционирование;Механическое отопление;25.0;Женский;0.0;1.0;Без изменений;1.0;Без изменений;;0.56;24.0;;75.7;0.07;;;;;0.0;0.0;;22.0;0
2010.0;Лето;Cубтропический океанический;Сидней;Австралия;Смешанный;Кондиционирование;Механическое отопление;35.0;Мужской;0.0;1.0;Без изменений;1.0;Без изменений;;0.46;25.7;;60.4;0.12;;;;;1.0;;;22.0;0
2010.0;Лето;Cубтропический океанический;Сидней;Австралия;Смешанный;Кондиционирование;Механическое отопление;25.0;Женский;0.0;1.0;Без изменений;1.0;Без изменений;;0.43;24.4;;59.6;0.07;;;;;;;;22.0;0
2010.0;Лето;Cубтропический океанический;Сидней;Австралия;Смешанный;Кондиционирование;Механическое отопление;45.0;Мужской;0.0;1.0;Без изменений;1.0;Без изменений;;0.43;24.8;;73.5;0.06;;;;;0.0;0.0;;22.0;0
2010.0;Лето;Cубтропический океанический;Сидней;Австралия;Смешанный;Кондиционирование;Механическое отопление;55.0;Женский;0.0;1.0;Без изменений;1.0;Без изменений;;0.42;24.0;;70.7;0.08;;;;;;;;22.0;0
2010.0;Лето;Cубтропический океанический;Сидней;Австралия;Смешанный;Кондиционирование;Механическое отопление;45.0;Мужской;0.0;1.0;Без изменений;1.0;Без изменений;;0.46;23.1;;61.9;0.12;;;;;1.0;;;22.0;0
2010.0;Лето;Cубтропический океанический;Сидней;Австралия;Смешанный;Кондиционирование;Механическое отопление;45.0;Женский;0.0;1.0;Без изменений;1.0;Без изменений;;0.39;23.8;;54.2;0.13;;;;;;;;22.0;0
2010.0;Лето;Cубтропический океанический;Сидней;Австралия;Смешанный;Вентиляция;Механическое отопление;45.0;Мужской;0.0;1.0;Без изменений;1.0;Без изменений;;0.46;22.3;;52.5;0.14;;;;;1.0;;;22.0;0
2010.0;Лето;Cубтропический океанический;Сидней;Австралия;Смешанный;Кондиционирование;Механическое отопление;35.0;Мужской;1.0;0.0;Холоднее;0.0;Больше;;0.46;25.4;;56.2;0.11;;;;;1.0;;;22.0;0
2010.0;Лето;Cубтропический океанический;Сидней;Австралия;Смешанный;Кондиционирование;Механическое отопление;35.0;Мужской;1.2;1.0;Без изменений;1.0;Без изменений;;0.46;25.4;;70.2;0.12;;;;;1.0;;;22.0;0
2010.0;Лето;Cубтропический океанический;Сидней;Австралия;Смешанный;Вентиляция;Механическое отопление;45.0;Женский;1.0;0.0;Холоднее;0.0;Больше;;0.55;24.7;;48.9;0.06;;;;;;;;22.0;0
2010.0;Лето;Cубтропический океанический;Сидней;Австралия;Смешанный;Кондиционирование;Механическое отопление;55.0;Женский;0.0;1.0;Без изменений;1.0;Меньше;;0.59;22.6;;66.3;0.21;;;;;0.0;0.0;;22.0;0
2010.0;Лето;Cубтропический океанический;Сидней;Австралия;Смешанный;Вентиляция;Механическое отопление;45.0;Мужской;0.0;1.0;Без изменений;0.0;Больше;;0.46;23.8;;53.8;0.03;;;;;;;;22.0;0
2010.0;Лето;Cубтропический океанический;Сидней;Австралия;Смешанный;Кондиционирование;Механическое отопление;45.0;Женский;2.0;0.0;Холоднее;0.0;Больше;;0.39;22.7;;67.2;0.18;;;;;;;;22.0;0
2010.0;Лето;Cубтропический океанический;Сидней;Австралия;Смешанный;Вентиляция;Механическое отопление;55.0;Женский;1.6;0.0;Холоднее;1.0;Больше;;0.37;24.0;;60.5;0.11;;;;;1.0;;;22.0;0
2010.0;Лето;Cубтропический океанический;Сидней;Австралия;Смешанный;Вентиляция;Механическое отопление;35.0;Мужской;0.0;1.0;Без изменений;1.0;Без изменений;;0.46;23.7;;54.4;0.16;;;;;1.0;;;22.0;0
2010.0;Лето;Cубтропический океанический;Сидней;Австралия;Смешанный;Кондиционирование;Механическое отопление;65.0;Женский;-2.0;0.0;Теплее;0.0;Меньше;;0.71;25.2;;54.4;0.09;;;;;;;;22.0;0
2010.0;Лето;Cубтропический океанический;Сидней;Австралия;Смешанный;Кондиционирование;Механическое отопление;25.0;Женский;0.0;1.0;Без изменений;1.0;Без изменений;;0.52;25.1;;51.7;0.09;;;;;0.0;0.0;;22.0;0
2010.0;Лето;Cубтропический океанический;Сидней;Австралия;Смешанный;Вентиляция;Механическое отопление;45.0;Мужской;0.0;1.0;Без изменений;1.0;Без изменений;;0.41;22.1;;49.9;0.08;;;;;1.0;;;22.0;0
2010.0;Лето;Cубтропический океанический;Сидней;Австралия;Смешанный;Вентиляция;Механическое отопление;35.0;Мужской;1.0;1.0;Без изменений;1.0;Без изменений;;0.41;24.3;;59.5;0.08;;;;;;;;22.0;0
2010.0;Лето;Cубтропический океанический;Сидней;Австралия;Смешанный;Вентиляция;Механическое отопление;35.0;Мужской;1.0;1.0;Холоднее;1.0;Без изменений;;0.46;24.3;;60.0;0.11;;;;;1.0;;;22.0;0
2010.0;Лето;Cубтропический океанический;Сидней;Австралия;Смешанный;Вентиляция;Механическое отопление;55.0;Мужской;0.0;1.0;Без изменений;1.0;Без изменений;;0.46;23.6;;49.5;0.16;;;;;;;;22.0;0
2010.0;Лето;Cубтропический океанический;Сидней;Австралия;Смешанный;Кондиционирование;Механическое отопление;35.0;Женский;0.0;1.0;Без изменений;1.0;Без изменений;;0.42;24.6;;67.7;0.1;;;;;0.0;0.0;;22.0;0
2010.0;Лето;Cубтропический океанический;Сидней;Австралия;Смешанный;Кондиционирование;Механическое отопление;45.0;Женский;3.0;0.0;Холоднее;0.0;Больше;;0.39;24.1;;76.0;0.22;;;;;;;;22.0;0
2010.0;Лето;Cубтропический океанический;Сидней;Австралия;Смешанный;Кондиционирование;Механическое отопление;35.0;Мужской;0.0;1.0;Без изменений;1.0;Без изменений;;0.46;25.2;;61.8;0.05;;;;;0.0;0.0;;22.0;0
2010.0;Лето;Cубтропический океанический;Сидней;Австралия;Смешанный;Кондиционирование;Механическое отопление;35.0;Женский;-1.0;0.0;Теплее;1.0;Без изменений;;0.38;23.5;;59.3;0.1;;;;;;;;22.0;0
2010.0;Лето;Cубтропический океанический;Сидней;Австралия;Смешанный;Кондиционирование;Механическое отопление;45.0;Мужской;0.0;1.0;Без изменений;1.0;Без изменений;;0.46;25.5;;56.0;0.07;;;;;;;;22.0;0
2010.0;Лето;Cубтропический океанический;Сидней;Австралия;Смешанный;Кондиционирование;Механическое отопление;45.0;Женский;0.0;1.0;Без изменений;1.0;Без изменений;;0.44;23.1;;61.9;0.08;;;;;;;;22.0;0
2010.0;Лето;Cубтропический океанический;Сидней;Австралия;Смешанный;Кондиционирование;Механическое отопление;45.0;Женский;3.0;0.0;Холоднее;0.0;Больше;;0.39;23.9;;63.6;0.21;;;;;1.0;;;22.0;0
2010.0;Лето;Cубтропический океанический;Сидней;Австралия;Смешанный;Кондиционирование;Механическое отопление;45.0;Женский;1.0;0.0;Холоднее;1.0;Без изменений;;0.5;25.1;;56.5;0.06;;;;;0.0;0.0;;22.0;0
2010.0;Лето;Cубтропический океанический;Сидней;Австралия;Смешанный;Кондиционирование;Механическое отопление;35.0;Женский;0.0;1.0;Без изменений;1.0;Без изменений;;0.37;23.0;;65.5;0.11;;;;;0.0;0.0;;22.0;0
2010.0;Лето;Cубтропический океанический;Сидней;Австралия;Смешанный;Кондиционирование;Механическое отопление;45.0;Мужской;3.0;1.0;Холоднее;1.0;Без изменений;;0.43;24.5;;59.9;0.07;;;;;0.0;;;22.0;0
2010.0;Лето;Cубтропический океанический;Сидней;Австралия;Смешанный;Кондиционирование;Механическое отопление;45.0;Мужской;1.0;1.0;Холоднее;0.0;Больше;;0.46;24.0;;57.3;0.07;;;;;;1.0;;22.0;0
2010.0;Лето;Cубтропический океанический;Сидней;Австралия;Смешанный;Кондиционирование;Механическое отопление;25.0;Женский;0.0;1.0;Без изменений;1.0;Без изменений;;0.56;24.8;;73.6;0.08;;;;;1.0;0.0;;22.0;0
2010.0;Лето;Cубтропический океанический;Сидней;Австралия;Смешанный;Кондиционирование;Механическое отопление;55.0;Мужской;0.0;1.0;Без изменений;1.0;Без изменений;;0.43;24.6;;59.2;0.08;;;;;;;;22.0;0
2010.0;Лето;Cубтропический океанический;Сидней;Австралия;Смешанный;Кондиционирование;Механическое отопление;55.0;Женский;0.0;1.0;Без изменений;1.0;Без изменений;;0.86;25.0;;39.2;0.18;;;;;;;;22.0;0
2010.0;Лето;Cубтропический океанический;Сидней;Австралия;Смешанный;Вентиляция;Механическое отопление;55.0;Мужской;0.0;1.0;Без изменений;1.0;Без изменений;;0.52;22.4;;68.5;0.12;;;;;1.0;;;22.0;0
2010.0;Лето;Cубтропический океанический;Сидней;Австралия;Смешанный;Кондиционирование;Механическое отопление;35.0;Мужской;0.0;1.0;Без изменений;1.0;Без изменений;;0.46;24.1;;66.9;0.09;;;;;0.0;0.0;;22.0;0
2010.0;Лето;Cубтропический океанический;Сидней;Австралия;Смешанный;Кондиционирование;Механическое отопление;55.0;Мужской;0.0;1.0;Без изменений;1.0;Без изменений;;0.46;23.1;;62.7;0.08;;;;;0.0;0.0;;22.0;0
2010.0;Лето;Cубтропический океанический;Сидней;Австралия;Смешанный;Кондиционирование;Механическое отопление;45.0;Женский;-0.4;1.0;Теплее;1.0;Без изменений;;0.67;24.1;;73.1;0.07;;;;;0.0;0.0;;22.0;0
2010.0;Лето;Cубтропический океанический;Сидней;Австралия;Смешанный;Кондиционирование;Механическое отопление;65.0;Женский;0.0;1.0;Без изменений;1.0;Без изменений;;0.5;25.2;;28.3;0.15;;;;;;;;22.0;0
2010.0;Лето;Cубтропический океанический;Сидней;Австралия;Смешанный;Кондиционирование;Механическое отопление;45.0;Мужской;0.0;1.0;Без изменений;1.0;Без изменений;;0.46;24.4;;60.2;0.07;;;;;0.0;0.0;;22.0;0
2010.0;Лето;Cубтропический океанический;Сидней;Австралия;Смешанный;Кондиционирование;Механическое отопление;45.0;Женский;3.0;0.0;Холоднее;0.0;Больше;;0.39;24.4;;69.0;0.26;;;;;;;;22.0;0
2010.0;Лето;Cубтропический океанический;Сидней;Австралия;Смешанный;Кондиционирование;Механическое отопление;65.0;Женский;0.0;1.0;Без изменений;0.0;Меньше;;0.78;25.2;;32.1;0.13;;;;;;;;22.0;0
2010.0;Лето;Cубтропический океанический;Сидней;Австралия;Смешанный;Кондиционирование;Механическое отопление;45.0;Женский;2.0;0.0;Холоднее;0.0;Больше;;0.37;24.1;;74.2;0.16;;;;;;;;22.0;0
2010.0;Лето;Cубтропический океанический;Сидней;Австралия;Смешанный;Кондиционирование;Механическое отопление;45.0;Женский;2.0;0.0;Холоднее;0.0;Больше;;0.39;24.3;;59.9;0.23;;;;;;;;22.0;0
2010.0;Лето;Cубтропический океанический;Сидней;Австралия;Смешанный;Вентиляция;Механическое отопление;45.0;Мужской;0.0;1.0;Без изменений;1.0;Без изменений;;0.43;21.9;;58.7;0.09;;;;;;;;22.0;0
2010.0;Лето;Cубтропический океанический;Сидней;Австралия;Смешанный;Кондиционирование;Механическое отопление;25.0;Мужской;0.0;1.0;Без изменений;1.0;Без изменений;;0.46;22.7;;67.5;0.11;;;;;0.0;0.0;;22.0;0
2010.0;Лето;Cубтропический океанический;Сидней;Австралия;Смешанный;Кондиционирование;Механическое отопление;55.0;Мужской;0.0;1.0;Без изменений;1.0;Без изменений;;0.46;23.3;;64.1;0.11;;;;;;;;22.0;0
2010.0;Лето;Cубтропический океанический;Сидней;Австралия;Смешанный;Кондиционирование;Механическое отопление;55.0;Мужской;0.0;1.0;Без изменений;1.0;Без изменений;;0.46;24.6;;72.2;0.12;;;;;0.0;0.0;;22.0;0
2010.0;Лето;Cубтропический океанический;Сидней;Австралия;Смешанный;Вентиляция;Механическое отопление;35.0;Мужской;0.0;1.0;Без изменений;1.0;Без изменений;;0.49;22.9;;63.9;0.06;;;;;;;;22.0;0
2010.0;Лето;Cубтропический океанический;Сидней;Австралия;Смешанный;Кондиционирование;Механическое отопление;35.0;Мужской;1.0;1.0;Без изменений;1.0;Без изменений;;0.46;24.7;;72.9;0.11;;;;;1.0;;;22.0;0
2010.0;Лето;Cубтропический океанический;Сидней;Австралия;Смешанный;Кондиционирование;Механическое отопление;55.0;Мужской;1.0;1.0;Без изменений;1.0;Без изменений;;0.55;24.5;;64.5;0.05;;;;;0.0;0.0;;22.0;0
2010.0;Лето;Cубтропический океанический;Сидней;Австралия;Смешанный;Кондиционирование;Механическое отопление;55.0;Женский;0.0;1.0;Без изменений;1.0;Без изменений;;0.38;24.6;;54.6;0.07;;;;;0.0;0.0;;22.0;0
2010.0;Лето;Cубтропический океанический;Сидней;Австралия;Смешанный;Вентиляция;Механическое отопление;45.0;Мужской;2.0;0.0;Холоднее;0.0;Больше;;0.43;23.9;;53.9;0.1;;;;;0.0;0.0;;22.0;0
2010.0;Лето;Cубтропический океанический;Сидней;Австралия;Смешанный;Кондиционирование;Механическое отопление;45.0;Мужской;0.0;1.0;Без изменений;1.0;Без изменений;;0.36;24.5;;57.4;0.12;;;;;1.0;;;22.0;0
2010.0;Лето;Cубтропический океанический;Сидней;Австралия;Смешанный;Вентиляция;Механическое отопление;45.0;Женский;1.0;1.0;Холоднее;0.0;Больше;;0.52;24.1;;53.5;0.08;;;;;;;;22.0;0
2010.0;Лето;Cубтропический океанический;Сидней;Австралия;Смешанный;Кондиционирование;Механическое отопление;65.0;Мужской;0.0;1.0;Без изменений;1.0;Без изменений;;0.46;24.3;;58.6;0.08;;;;;;;;22.0;0
2010.0;Лето;Cубтропический океанический;Сидней;Австралия;Смешанный;Вентиляция;Механическое отопление;35.0;Мужской;1.0;0.0;Холоднее;0.0;Больше;;0.46;24.9;;57.5;0.12;;;;;1.0;;;22.0;0
2010.0;Лето;Cубтропический океанический;Сидней;Австралия;Смешанный;Вентиляция;Механическое отопление;35.0;Женский;0.0;1.0;Без изменений;1.0;Без изменений;;0.44;21.1;;53.6;0.04;;;;;0.0;0.0;;22.0;0
2010.0;Лето;Cубтропический океанический;Сидней;Австралия;Смешанный;Кондиционирование;Механическое отопление;45.0;Мужской;1.0;0.0;Холоднее;1.0;Больше;;0.52;25.3;;72.9;0.08;;;;;0.0;0.0;;22.0;3
2010.0;Лето;Cубтропический океанический;Сидней;Австралия;Смешанный;Кондиционирование;Механическое отопление;65.0;Женский;0.5;1.0;Без изменений;1.0;Без изменений;;0.47;24.6;;38.4;0.11;;;;;;;;22.0;0
2010.0;Лето;Cубтропический океанический;Сидней;Австралия;Смешанный;Вентиляция;Механическое отопление;45.0;Мужской;0.0;1.0;Без изменений;1.0;Без изменений;;0.43;22.1;;62.2;0.13;;;;;;;;22.0;0
2010.0;Лето;Cубтропический океанический;Сидней;Австралия;Смешанный;Вентиляция;Механическое отопление;45.0;Женский;0.0;1.0;Без изменений;1.0;Без изменений;;0.44;23.7;;53.1;0.11;;;;;1.0;1.0;;22.0;0
2010.0;Лето;Cубтропический океанический;Сидней;Австралия;Смешанный;Кондиционирование;Механическое отопление;35.0;Женский;0.0;1.0;Без изменений;1.0;Без изменений;;0.43;25.3;;73.0;0.1;;;;;0.0;0.0;;22.0;0
2010.0;Лето;Cубтропический океанический;Сидней;Австралия;Смешанный;Кондиционирование;Механическое отопление;55.0;Женский;1.2;1.0;Без изменений;1.0;Без изменений;;0.59;23.3;;40.2;0.13;;;;;;;;22.0;0
2010.0;Лето;Cубтропический океанический;Сидней;Австралия;Смешанный;Вентиляция;Механическое отопление;35.0;Мужской;0.0;1.0;Без изменений;1.0;Без изменений;;0.46;24.4;;53.1;0.12;;;;;1.0;;;22.0;0
2010.0;Лето;Cубтропический океанический;Сидней;Австралия;Смешанный;Кондиционирование;Механическое отопление;45.0;Женский;1.0;1.0;Холоднее;0.0;Больше;;0.69;23.6;;61.8;0.08;;;;;0.0;0.0;;22.0;3
2010.0;Лето;Cубтропический океанический;Сидней;Австралия;Смешанный;Кондиционирование;Механическое отопление;55.0;Женский;0.0;1.0;Без изменений;1.0;Без изменений;;0.39;24.2;;62.6;0.05;;;;;;;;22.0;0
2010.0;Лето;Cубтропический океанический;Сидней;Австралия;Смешанный;Кондиционирование;Механическое отопление;45.0;Женский;0.0;1.0;Без изменений;1.0;Без изменений;;0.41;24.7;;56.3;0.07;;;;;1.0;;;22.0;0
2010.0;Лето;Cубтропический океанический;Сидней;Австралия;Смешанный;Вентиляция;Механическое отопление;35.0;Мужской;0.0;1.0;Без изменений;1.0;Без изменений;;0.55;23.7;;62.4;0.07;;;;;;;;22.0;0
2010.0;Лето;Cубтропический океанический;Сидней;Австралия;Смешанный;Кондиционирование;Механическое отопление;55.0;Женский;-0.4;1.0;Теплее;0.0;Меньше;;0.53;24.4;;59.0;0.1;;;;;0.0;0.0;;22.0;0
2010.0;Лето;Cубтропический океанический;Сидней;Австралия;Смешанный;Кондиционирование;Механическое отопление;45.0;Женский;1.1;0.0;Холоднее;0.0;Больше;;0.43;25.1;;71.7;0.11;;;;;;;;22.0;0
2010.0;Лето;Cубтропический океанический;Сидней;Австралия;Смешанный;Вентиляция;Механическое отопление;35.0;Мужской;0.0;1.0;Без изменений;1.0;Без изменений;;0.46;23.4;;60.3;0.05;;;;;;;;22.0;0
2010.0;Лето;Cубтропический океанический;Сидней;Австралия;Смешанный;Кондиционирование;Механическое отопление;45.0;Мужской;0.0;1.0;Без изменений;1.0;Без изменений;;0.55;24.7;;71.0;0.06;;;;;0.0;0.0;;22.0;0
2010.0;Лето;Cубтропический океанический;Сидней;Австралия;Смешанный;Кондиционирование;Механическое отопление;55.0;Мужской;0.0;1.0;Без изменений;1.0;Без изменений;;0.46;24.5;;73.2;0.05;;;;;;;;22.0;0
2010.0;Лето;Cубтропический океанический;Сидней;Австралия;Смешанный;Кондиционирование;Механическое отопление;35.0;Женский;0.0;0.0;Холоднее;0.0;Больше;;0.39;24.4;;70.2;0.1;;;;;;;;22.0;0
2010.0;Лето;Cубтропический океанический;Сидней;Австралия;Смешанный;Вентиляция;Механическое отопление;45.0;Мужской;0.0;1.0;Без изменений;1.0;Без изменений;;0.38;23.5;;56.5;0.1;;;;;1.0;;;22.0;0
2010.0;Лето;Cубтропический океанический;Сидней;Австралия;Смешанный;Кондиционирование;Механическое отопление;35.0;Женский;0.0;1.0;Без изменений;1.0;Без изменений;;0.41;24.2;;73.5;0.08;;;;;0.0;0.0;;22.0;0
2010.0;Лето;Cубтропический океанический;Сидней;Австралия;Смешанный;Кондиционирование;Механическое отопление;35.0;Женский;1.1;1.0;Холоднее;1.0;Без изменений;;0.42;24.6;;54.7;0.09;;;;;0.0;0.0;;22.0;0
2010.0;Лето;Cубтропический океанический;Сидней;Австралия;Смешанный;Вентиляция;Механическое отопление;45.0;Мужской;0.2;1.0;Без изменений;1.0;Без изменений;;0.55;22.2;;51.1;0.09;;;;;0.0;0.0;;22.0;0
2010.0;Лето;Cубтропический океанический;Сидней;Австралия;Смешанный;Кондиционирование;Механическое отопление;35.0;Мужской;3.0;0.0;Холоднее;0.0;Больше;;0.46;25.2;;60.4;0.13;;;;;1.0;;;22.0;0
2010.0;Лето;Cубтропический океанический;Сидней;Австралия;Смешанный;Вентиляция;Механическое отопление;45.0;Мужской;0.0;1.0;Без изменений;1.0;Без изменений;;0.39;21.9;;59.2;0.11;;;;;;;;22.0;0
2010.0;Лето;Cубтропический океанический;Сидней;Австралия;Смешанный;Вентиляция;Механическое отопление;25.0;Женский;-1.0;1.0;Без изменений;1.0;Без изменений;;0.39;21.3;;58.3;0.08;;;;;;;;22.0;0
2010.0;Лето;Cубтропический океанический;Сидней;Австралия;Смешанный;Кондиционирование;Механическое отопление;45.0;Женский;3.0;0.0;Холоднее;0.0;Больше;;0.39;24.8;;51.7;0.16;;;;;;;;22.0;0
2010.0;Лето;Cубтропический океанический;Сидней;Австралия;Смешанный;Кондиционирование;Механическое отопление;35.0;Женский;1.0;1.0;Холоднее;1.0;Без изменений;;0.41;24.4;;59.3;0.06;;;;;1.0;1.0;;22.0;0
2010.0;Лето;Cубтропический океанический;Сидней;Австралия;Смешанный;Кондиционирование;Механическое отопление;45.0;Мужской;0.0;1.0;Без изменений;1.0;Без изменений;;0.55;25.2;;59.7;0.09;;;;;;;;22.0;0
2010.0;Лето;Cубтропический океанический;Сидней;Австралия;Смешанный;Кондиционирование;Механическое отопление;35.0;Мужской;1.0;1.0;Без изменений;1.0;Без изменений;;0.46;24.8;;73.9;0.08;;;;;;;;22.0;0
2010.0;Лето;Cубтропический океанический;Сидней;Австралия;Смешанный;Кондиционирование;Механическое отопление;55.0;Женский;-1.0;1.0;Теплее;1.0;Без изменений;;0.4;23.1;;61.9;0.09;;;;;0.0;0.0;;22.0;0
2010.0;Лето;Cубтропический океанический;Сидней;Австралия;Смешанный;Вентиляция;Механическое отопление;25.0;Женский;0.0;1.0;Без изменений;1.0;Без изменений;;0.4;21.9;;59.2;0.05;;;;;;;;22.0;0
2012.0;Лето;Субтропическое высокогорье;Шимла;Индия;Вентиляция;;;45.0;Мужской;0.0;1.0;Без изменений;;Без изменений;6.0;0.67;21.8;;80.5;0.0;167.6;65.0;;;0.0;;;18.5;0
2012.0;Зима;Жаркий полузасушливый;Хайдарабад;Индия;Смешанный;Вентиляция;;;Женский;1.0;0.0;Холоднее;;Больше;;0.63;31.7;;40.0;0.01;;52.0;;;0.0;1.0;;21.6;0
2012.0;Зима;Тропическая влажная саванна;Бангалор;Индия;Вентиляция;;;35.0;Женский;0.0;1.0;Без изменений;;Без изменений;6.0;0.71;26.6;;44.0;0.02;162.6;53.0;;0.0;1.0;;;29.9;0
2012.0;Лето;Жаркий полузасушливый;Ахмедабад;Индия;Смешанный;Кондиционирование;;35.0;Мужской;1.0;0.0;Без изменений;;Больше;3.0;0.7;27.5;;44.6;0.1;167.6;75.0;;;0.0;;1.0;29.5;1
2012.0;Весна;Тропическая влажная саванна;Ченнай;Индия;Смешанный;Кондиционирование;;;Мужской;-1.0;1.0;Теплее;;Меньше;;0.62;25.8;;56.0;0.29;;83.0;;;0.0;0.0;;30.4;0
2012.0;Зима;Субтропическое высокогорье;Шимла;Индия;Вентиляция;;;55.0;Женский;1.0;0.0;Холоднее;;Без изменений;6.0;2.06;16.2;;23.8;0.03;160.0;70.0;;;;;;8.5;0
2012.0;Весна;Жаркий полузасушливый;Хайдарабад;Индия;Смешанный;Кондиционирование;;;Мужской;0.0;1.0;Холоднее;;Без изменений;;0.68;27.9;;35.0;0.22;;70.0;;;0.0;0.0;;31.5;0
2012.0;Зима;Тропическая влажная саванна;Ченнай;Индия;Кондиционирование;;;35.0;Женский;0.0;1.0;Без изменений;;Без изменений;6.0;0.63;25.8;;65.5;0.31;152.4;57.0;;1.0;0.0;;1.0;30.8;0
2012.0;Лето;Субтропическое высокогорье;Шимла;Индия;Смешанный;Вентиляция;Механическое отопление;45.0;Женский;0.0;1.0;Без изменений;;Без изменений;6.0;0.57;24.9;;45.9;0.0;172.7;70.0;;;0.0;;;18.5;0
2012.0;Лето;Субтропическое высокогорье;Шимла;Индия;Смешанный;Вентиляция;Механическое отопление;45.0;Мужской;-1.0;1.0;Холоднее;;Больше;3.0;0.61;26.0;;44.2;0.02;162.6;57.0;;;0.0;;;18.5;0
2012.0;Зима;Жаркий полузасушливый;Хайдарабад;Индия;Смешанный;Вентиляция;;;Мужской;-1.0;1.0;Холоднее;;Больше;;0.72;29.3;;46.0;0.03;;56.0;;;1.0;1.0;;21.6;0
2012.0;Лето;Влажный субтропический муссонный;Дели;Индия;Кондиционирование;;;25.0;Мужской;0.0;1.0;Без изменений;;Без изменений;6.0;0.74;24.0;;49.5;0.09;172.7;68.0;;;;;1.0;30.9;0
2012.0;Весна;Тропическая влажная саванна;Ченнай;Индия;Смешанный;Кондиционирование;;;Женский;2.0;1.0;Холоднее;;Без изменений;;0.97;26.6;;51.0;0.11;;44.0;;;0.0;0.0;;30.4;0
2012.0;Весна;Жаркий полузасушливый;Хайдарабад;Индия;Смешанный;Вентиляция;;;Мужской;3.0;1.0;Холоднее;;Больше;;0.68;28.7;;47.0;0.21;;50.0;;;1.0;1.0;;31.5;0
2012.0;Зима;Субтропическое высокогорье;Шимла;Индия;Смешанный;Кондиционирование;Механическое отопление;55.0;Мужской;-1.0;1.0;Без изменений;;Больше;4.0;1.74;22.1;;35.1;0.02;162.6;70.0;;;0.0;;;8.5;0
2012.0;Лето;Тропическая влажная саванна;Бангалор;Индия;Вентиляция;;;55.0;Мужской;0.0;1.0;Без изменений;;Больше;2.0;0.7;26.1;;66.5;0.32;188.0;86.0;;1.0;1.0;;;30.8;0
2012.0;Лето;Влажный субтропический муссонный;Дели;Индия;Смешанный;Кондиционирование;Механическое отопление;55.0;Женский;0.0;1.0;Теплее;;Больше;5.0;0.65;28.2;;60.3;0.2;152.4;60.0;;1.0;0.0;;1.0;30.9;0
2012.0;Зима;Влажный субтропический муссонный;Дели;Индия;Смешанный;Вентиляция;;35.0;Мужской;-1.0;1.0;Холоднее;;Без изменений;5.0;1.32;18.3;;54.4;0.01;5.23;55.0;;0.0;0.0;;;15.5;0
2012.0;Осень;Тропическая влажная саванна;Ченнай;Индия;Смешанный;Кондиционирование;;;Мужской;-1.0;0.0;Без изменений;;Больше;;0.68;24.5;;42.0;0.11;;60.0;;;0.0;0.0;;29.7;0
2012.0;Лето;Влажный субтропический муссонный;Дели;Индия;Смешанный;Вентиляция;;55.0;Мужской;1.0;0.0;Теплее;;Без изменений;6.0;0.74;31.4;;74.1;0.17;160.0;65.0;;1.0;;;;30.9;0
2012.0;Лето;Тропическая влажная саванна;Ченнай;Индия;Вентиляция;;;35.0;Женский;3.0;0.0;Без изменений;;Больше;3.0;0.78;35.3;;37.9;0.4;162.6;68.0;;1.0;0.0;;;38.1;0
2012.0;Осень;Тропическая влажная саванна;Ченнай;Индия;Смешанный;Кондиционирование;;;Мужской;0.0;1.0;Без изменений;;Без изменений;;0.62;28.4;;52.0;1.42;;56.0;;;0.0;0.0;;29.7;0
2012.0;Лето;Тропическая влажная саванна;Бангалор;Индия;Кондиционирование;;;25.0;Мужской;0.0;1.0;Теплее;;Больше;6.0;0.7;23.4;;45.1;0.06;185.4;68.0;;0.0;;;1.0;30.8;0
2012.0;Лето;Жаркий полузасушливый;Ахмедабад;Индия;Смешанный;Кондиционирование;;55.0;Мужской;3.0;0.0;Холоднее;;Больше;4.0;0.79;34.1;;42.2;0.31;157.5;56.0;;1.0;;;;29.5;0
2012.0;Зима;Жаркий полузасушливый;Хайдарабад;Индия;Смешанный;Кондиционирование;;;Мужской;2.0;0.0;Холоднее;;Больше;;0.68;28.8;;40.0;0.01;;79.0;;;0.0;0.0;;21.6;0
2012.0;Лето;Жаркий полузасушливый;Ахмедабад;Индия;Смешанный;Кондиционирование;;25.0;Мужской;0.0;1.0;Без изменений;;Больше;5.0;0.74;25.4;;46.2;0.17;188.0;71.0;;;;;1.0;29.5;3
2012.0;Лето;Влажный субтропический муссонный;Дели;Индия;Смешанный;Вентиляция;Механическое отопление;25.0;Женский;1.0;1.0;Теплее;;Больше;2.0;0.57;37.0;;39.6;1.23;152.4;50.0;;1.0;0.0;;0.0;30.9;0
2012.0;Лето;Тропическая влажная саванна;Бангалор;Индия;Вентиляция;;;35.0;Женский;0.0;1.0;Холоднее;;Больше;4.0;0.66;27.6;;63.0;0.19;161.3;70.0;;1.0;0.0;;0.0;30.8;0
2012.0;Зима;Жаркий полузасушливый;Ахмедабад;Индия;Смешанный;Вентиляция;;55.0;Женский;-0.5;1.0;Теплее;;Без изменений;6.0;0.68;24.3;;43.9;0.03;157.5;55.0;;;;;;21.3;0
2012.0;Лето;Жаркий полузасушливый;Ахмедабад;Индия;Вентиляция;;;45.0;Мужской;2.0;0.0;Без изменений;;Без изменений;2.0;0.52;35.2;;49.9;0.53;162.6;65.0;;1.0;0.0;;;29.5;0
2012.0;Лето;Тропическая влажная саванна;Бангалор;Индия;Кондиционирование;;;25.0;Мужской;-1.0;1.0;Без изменений;;Без изменений;6.0;0.68;25.3;;64.8;0.13;167.6;67.0;;0.0;;;1.0;30.8;0
2012.0;Лето;Субтропическое высокогорье;Шимла;Индия;Смешанный;Вентиляция;Механическое отопление;55.0;Женский;-1.0;0.0;Холоднее;;Больше;5.0;0.67;21.8;;82.9;0.0;147.3;58.0;;;;;0.0;18.5;0
2012.0;Зима;Жаркий полузасушливый;Ахмедабад;Индия;Вентиляция;;;45.0;Мужской;0.0;1.0;Без изменений;;Без изменений;6.0;0.77;23.7;;26.3;0.09;162.6;70.0;;0.0;0.0;;;21.3;0
2012.0;Лето;Тропическая влажная саванна;Бангалор;Индия;Кондиционирование;;;35.0;Мужской;-2.0;1.0;Без изменений;;Без изменений;6.0;0.64;22.9;;47.4;0.11;167.6;70.0;;0.0;;;1.0;30.8;0
2012.0;Зима;Жаркий полузасушливый;Ахмедабад;Индия;Смешанный;Вентиляция;;25.0;Мужской;0.0;1.0;Без изменений;;Без изменений;5.0;1.04;26.9;;53.0;0.05;167.6;64.0;;;0.0;;0.0;21.3;0
2012.0;Зима;Жаркий полузасушливый;Хайдарабад;Индия;Смешанный;Вентиляция;;;Мужской;-1.0;1.0;Холоднее;;Больше;;0.64;28.3;;31.0;0.04;;68.0;;;0.0;1.0;;21.6;0
2012.0;Лето;Субтропическое высокогорье;Шимла;Индия;Вентиляция;;;45.0;Мужской;0.0;1.0;Холоднее;;Больше;5.0;1.19;22.0;;80.6;0.04;5.74;53.0;;;1.0;;;18.5;0
2012.0;Зима;Влажный субтропический муссонный;Дели;Индия;Смешанный;Вентиляция;;35.0;Женский;0.0;1.0;Без изменений;;Больше;4.0;0.9;24.0;;39.8;0.05;162.6;48.0;;0.0;0.0;;0.0;15.5;0
2012.0;Лето;Жаркий полузасушливый;Ахмедабад;Индия;Смешанный;Кондиционирование;;25.0;Мужской;-1.0;1.0;Без изменений;;Без изменений;6.0;0.64;27.2;;48.5;0.11;188.0;95.0;;;0.0;;1.0;29.5;0
2012.0;Лето;Влажный субтропический муссонный;Дели;Индия;Кондиционирование;;;25.0;Женский;0.0;1.0;Без изменений;;Без изменений;6.0;0.66;23.7;;56.2;0.11;157.5;47.0;;;;;1.0;30.9;0
2012.0;Лето;Жаркий полузасушливый;Ахмедабад;Индия;Смешанный;Вентиляция;;25.0;Мужской;0.0;1.0;Без изменений;;Больше;6.0;0.64;25.1;;54.5;0.09;175.0;92.0;;;0.0;;;29.5;0
2012.0;Лето;Субтропическое высокогорье;Шимла;Индия;Смешанный;Вентиляция;Механическое отопление;55.0;Мужской;-1.0;1.0;Без изменений;;Без изменений;6.0;0.69;22.6;;57.7;0.04;165.1;56.0;;;1.0;;;18.5;0
2012.0;Зима;Субтропическое высокогорье;Шимла;Индия;Смешанный;Кондиционирование;Механическое отопление;45.0;Мужской;0.0;1.0;Холоднее;;Больше;5.0;2.08;20.4;;27.8;0.02;157.5;60.0;;;0.0;;;8.5;0
2012.0;Лето;Жаркий полузасушливый;Ахмедабад;Индия;Смешанный;Кондиционирование;;25.0;Мужской;0.0;1.0;Без изменений;;Больше;4.0;0.74;25.6;;48.0;0.08;172.7;75.0;;;0.0;;1.0;29.5;3
2012.0;Лето;Влажный субтропический муссонный;Дели;Индия;Кондиционирование;;;25.0;Мужской;0.0;1.0;Без изменений;;Больше;5.0;0.81;23.1;;57.6;0.07;188.0;95.0;;;;;1.0;30.9;0
2012.0;Зима;Влажный субтропический муссонный;Дели;Индия;Смешанный;Вентиляция;;35.0;Женский;-0.5;1.0;Холоднее;;Без изменений;5.0;0.8;26.6;;33.4;0.08;157.5;57.0;;0.0;0.0;;0.0;15.5;0
2012.0;Лето;Тропическая влажная саванна;Ченнай;Индия;Смешанный;Кондиционирование;;;Мужской;0.0;0.0;Холоднее;;Без изменений;;0.7;26.8;;47.0;0.03;;71.0;;;0.0;0.0;;38.1;0
2012.0;Весна;Тропическая влажная саванна;Ченнай;Индия;Смешанный;Кондиционирование;;;Женский;0.0;1.0;Без изменений;;Без изменений;;0.6;28.1;;49.0;0.01;;58.0;;;0.0;1.0;;30.4;0
2012.0;Зима;Субтропическое высокогорье;Шимла;Индия;Вентиляция;;;55.0;Мужской;0.0;1.0;Без изменений;;Без изменений;6.0;1.69;20.0;;39.2;0.07;170.2;82.0;;;0.0;;;8.5;0
2012.0;Зима;Субтропическое высокогорье;Шимла;Индия;Смешанный;Кондиционирование;Механическое отопление;55.0;Мужской;0.0;1.0;Без изменений;;Без изменений;6.0;1.44;19.4;;38.2;0.03;160.0;60.0;;;0.0;;;8.5;0
2012.0;Зима;Тропическая влажная саванна;Ченнай;Индия;Смешанный;Кондиционирование;;;Женский;-2.0;1.0;Теплее;;Больше;;0.84;26.3;;49.0;0.25;;62.0;;;0.0;0.0;;30.8;0
2012.0;Осень;Жаркий полузасушливый;Хайдарабад;Индия;Смешанный;Кондиционирование;;;Мужской;-1.0;1.0;Теплее;;Больше;;0.68;28.1;;46.0;0.04;;61.0;;;0.0;1.0;;25.7;0
2012.0;Лето;Жаркий полузасушливый;Ахмедабад;Индия;Смешанный;Кондиционирование;;45.0;Мужской;0.0;1.0;Без изменений;;Без изменений;4.0;0.61;33.7;;54.3;0.32;157.5;55.0;;1.0;1.0;;;29.5;0
2012.0;Лето;Тропическая влажная саванна;Ченнай;Индия;Кондиционирование;;;25.0;Мужской;0.0;1.0;Без изменений;;Больше;6.0;0.7;25.8;;62.4;0.13;178.0;74.0;;1.0;;;1.0;38.1;0
2012.0;Лето;Влажный субтропический муссонный;Дели;Индия;Кондиционирование;;;25.0;Женский;0.0;1.0;Холоднее;;Больше;5.0;0.66;24.8;;54.1;0.07;160.0;58.0;;;;;1.0;30.9;0
2012.0;Зима;Жаркий полузасушливый;Ахмедабад;Индия;Вентиляция;;;25.0;Женский;-1.0;1.0;Без изменений;;Без изменений;4.0;1.12;23.5;;28.9;0.05;144.8;44.0;;0.0;0.0;;;21.3;0
2012.0;Лето;Тропическая влажная саванна;Ченнай;Индия;Смешанный;Кондиционирование;;;Женский;-1.0;1.0;Без изменений;;Больше;;0.75;27.1;;49.0;0.32;;52.0;;;0.0;0.0;;38.1;0
2012.0;Весна;Жаркий полузасушливый;Хайдарабад;Индия;Смешанный;Вентиляция;;;Мужской;2.0;1.0;Холоднее;;Больше;;0.53;30.4;;34.0;0.15;;70.0;;;0.0;0.0;;31.5;0
2012.0;Весна;Жаркий полузасушливый;Хайдарабад;Индия;Смешанный;Вентиляция;;;Мужской;0.0;1.0;Холоднее;;Без изменений;;0.62;34.3;;31.0;0.77;;52.0;;;0.0;1.0;;31.5;0
2012.0;Зима;Тропическая влажная саванна;Ченнай;Индия;Смешанный;Вентиляция;;;Женский;0.0;1.0;Холоднее;;Без изменений;;0.84;28.2;;48.0;0.16;;65.0;;;0.0;0.0;;30.8;0
2012.0;Лето;Субтропическое высокогорье;Шимла;Индия;Вентиляция;;;45.0;Мужской;0.0;1.0;Без изменений;;Без изменений;6.0;0.75;20.5;;82.3;0.02;165.1;62.0;;;0.0;;;18.5;0
2012.0;Лето;Тропическая влажная саванна;Ченнай;Индия;Кондиционирование;;;25.0;Мужской;0.0;1.0;Теплее;;Без изменений;6.0;0.74;26.9;;65.3;0.04;167.0;60.0;;0.0;0.0;;1.0;38.1;0
2012.0;Зима;Жаркий полузасушливый;Ахмедабад;Индия;Смешанный;Вентиляция;;45.0;Женский;-1.0;0.0;Теплее;;Без изменений;6.0;0.92;24.7;;26.6;0.09;160.0;80.0;;;0.0;;;21.3;0
2012.0;Лето;Субтропическое высокогорье;Шимла;Индия;Вентиляция;;;25.0;Женский;0.5;1.0;Теплее;;Больше;5.0;0.92;23.1;;77.1;0.01;157.5;48.0;;;0.0;;;18.5;0
2012.0;Весна;Тропическая влажная саванна;Ченнай;Индия;Смешанный;Кондиционирование;;;Мужской;3.0;0.0;Холоднее;;Больше;;0.68;26.3;;45.0;0.01;;65.0;;;0.0;0.0;;30.4;0
2012.0;Весна;Тропическая влажная саванна;Ченнай;Индия;Смешанный;Кондиционирование;;;Женский;-1.0;1.0;Холоднее;;Больше;;0.84;25.5;;47.0;0.07;;49.0;;;0.0;1.0;;30.4;0
2012.0;Зима;Тропическая влажная саванна;Бангалор;Индия;Кондиционирование;;;25.0;Мужской;0.0;1.0;Без изменений;;Без изменений;6.0;0.88;27.8;;46.3;0.22;172.0;65.0;;1.0;0.0;;1.0;29.9;0
2012.0;Лето;Жаркий полузасушливый;Ахмедабад;Индия;Смешанный;Кондиционирование;;45.0;Мужской;-2.0;1.0;Теплее;;Без изменений;5.0;0.7;25.3;;59.3;0.18;167.6;85.0;;;0.0;;1.0;29.5;0
2012.0;Зима;Тропическая влажная саванна;Бангалор;Индия;Кондиционирование;;;25.0;Мужской;0.0;1.0;Без изменений;;Без изменений;5.0;0.71;26.3;;49.7;0.12;170.2;63.0;;0.0;0.0;;1.0;29.9;0
2012.0;Зима;Тропическая влажная саванна;Бангалор;Индия;Кондиционирование;;;25.0;Мужской;0.0;1.0;Без изменений;;Больше;6.0;0.75;24.5;;54.3;0.08;180.3;72.0;;0.0;;;1.0;29.9;0
2012.0;Зима;Субтропическое высокогорье;Шимла;Индия;Смешанный;Кондиционирование;Механическое отопление;25.0;Женский;-1.0;0.0;Холоднее;;Без изменений;4.0;1.48;22.8;;31.2;0.04;134.6;43.0;;;0.0;;;8.5;0
2012.0;Лето;Жаркий полузасушливый;Ахмедабад;Индия;Смешанный;Кондиционирование;;35.0;Женский;-0.5;1.0;Без изменений;;Без изменений;3.0;1.05;24.0;;59.4;0.1;163.0;82.0;;;0.0;;1.0;29.5;1
2012.0;Лето;Тропическая влажная саванна;Бангалор;Индия;Вентиляция;;;55.0;Женский;1.0;1.0;Без изменений;;Без изменений;6.0;0.87;26.1;;70.1;0.02;152.4;64.0;;0.0;0.0;;;30.8;0
2012.0;Лето;Субтропическое высокогорье;Шимла;Индия;Смешанный;Вентиляция;Механическое отопление;45.0;Мужской;0.0;1.0;Без изменений;;Без изменений;6.0;0.64;25.3;;53.5;0.01;167.6;70.0;;;0.0;;;18.5;0
2012.0;Лето;Тропическая влажная саванна;Ченнай;Индия;Смешанный;Кондиционирование;;;Мужской;-1.0;1.0;Теплее;;Меньше;;0.72;27.5;;55.0;0.07;;65.0;;;0.0;0.0;;38.1;0
2012.0;Зима;Влажный субтропический муссонный;Дели;Индия;Смешанный;Вентиляция;;55.0;Мужской;0.0;1.0;Без изменений;;Без изменений;6.0;1.59;17.6;;54.8;0.03;177.8;78.0;;0.0;0.0;;;15.5;0
2012.0;Зима;Тропическая влажная саванна;Бангалор;Индия;Кондиционирование;;;45.0;Женский;2.0;0.0;Без изменений;;Больше;6.0;0.64;25.9;;51.6;0.21;157.5;56.0;;1.0;;;1.0;29.9;0
2012.0;Лето;Жаркий полузасушливый;Ахмедабад;Индия;Смешанный;Вентиляция;;35.0;Мужской;0.5;1.0;Без изменений;;Без изменений;5.0;0.7;25.0;;54.9;0.06;170.2;65.0;;;0.0;;0.0;29.5;0
2012.0;Лето;Влажный субтропический муссонный;Дели;Индия;Кондиционирование;;;25.0;Женский;0.0;1.0;Без изменений;;Без изменений;6.0;0.6;23.9;;55.1;0.11;160.0;59.0;;;;;1.0;30.9;0
2012.0;Лето;Тропическая влажная саванна;Бангалор;Индия;Вентиляция;;;45.0;Женский;0.0;1.0;Без изменений;;Без изменений;6.0;0.68;25.7;;71.8;0.03;167.0;64.0;;0.0;0.0;;;30.8;0
2012.0;Весна;Тропическая влажная саванна;Ченнай;Индия;Смешанный;Кондиционирование;;;Женский;-3.0;1.0;Теплее;;Меньше;;0.73;26.6;;50.0;0.47;;65.0;;;0.0;0.0;;30.4;0
2012.0;Лето;Жаркий полузасушливый;Ахмедабад;Индия;Смешанный;Кондиционирование;;45.0;Мужской;0.0;1.0;Без изменений;;Больше;4.0;0.7;25.8;;54.7;0.12;175.3;90.0;;;0.0;;1.0;29.5;0
2012.0;Зима;Жаркий полузасушливый;Хайдарабад;Индия;Смешанный;Вентиляция;;;Женский;0.0;1.0;Без изменений;;Без изменений;;0.75;27.7;;48.0;0.07;;54.0;;;0.0;1.0;;21.6;0
2012.0;Лето;Жаркий полузасушливый;Ахмедабад;Индия;Смешанный;Кондиционирование;;45.0;Мужской;0.5;1.0;Холоднее;;Больше;5.0;0.61;29.4;;75.5;0.39;160.0;73.0;;1.0;1.0;;0.0;29.5;0
2012.0;Лето;Субтропическое высокогорье;Шимла;Индия;Смешанный;Вентиляция;Механическое отопление;25.0;Мужской;-1.0;1.0;Без изменений;;Без изменений;6.0;0.67;21.8;;80.1;0.02;180.3;67.0;;;1.0;;;18.5;0
2012.0;Весна;Тропическая влажная саванна;Ченнай;Индия;Смешанный;Кондиционирование;;;Мужской;-1.0;1.0;Холоднее;;Меньше;;0.72;27.0;;52.0;0.23;;54.0;;;0.0;0.0;;30.4;0
2012.0;Лето;Жаркий полузасушливый;Ахмедабад;Индия;Смешанный;Кондиционирование;;35.0;Женский;-0.5;1.0;Без изменений;;Больше;4.0;0.59;24.6;;57.2;0.09;157.5;65.0;;;0.0;;1.0;29.5;0
2012.0;Зима;Влажный субтропический муссонный;Дели;Индия;Смешанный;Кондиционирование;Механическое отопление;25.0;Мужской;-1.0;0.0;Холоднее;;Без изменений;3.0;1.45;17.5;;53.0;0.07;182.9;85.0;;0.0;0.0;;;15.5;2
2012.0;Лето;Жаркий полузасушливый;Ахмедабад;Индия;Вентиляция;;;25.0;Мужской;0.0;1.0;Без изменений;;Без изменений;6.0;0.7;35.9;;45.6;0.54;165.1;56.0;;1.0;1.0;;;29.5;0
2012.0;Лето;Тропическая влажная саванна;Ченнай;Индия;Смешанный;Кондиционирование;;;Женский;3.0;0.0;Без изменений;;Больше;;0.84;25.8;;41.0;0.19;;42.0;;;0.0;0.0;;38.1;0
2012.0;Лето;Субтропическое высокогорье;Шимла;Индия;Вентиляция;;;55.0;Мужской;0.0;1.0;Без изменений;;Больше;6.0;0.7;22.2;;81.3;0.01;165.1;85.0;;;0.0;;0.0;18.5;0
2012.0;Лето;Влажный субтропический муссонный;Дели;Индия;Смешанный;Вентиляция;;55.0;Мужской;3.0;0.0;Теплее;;Больше;2.0;0.7;35.8;;44.8;0.32;160.0;70.0;;1.0;;;;30.9;0
2012.0;Лето;Влажный субтропический муссонный;Дели;Индия;Смешанный;Вентиляция;;55.0;Женский;0.0;1.0;Без изменений;;Без изменений;6.0;0.63;32.2;;72.6;0.24;157.5;65.0;;1.0;1.0;;0.0;30.9;0
2012.0;Лето;Влажный субтропический муссонный;Дели;Индия;Кондиционирование;;;35.0;Мужской;-0.5;1.0;Без изменений;;Больше;5.0;0.75;23.2;;57.1;0.08;160.0;67.0;;;;;1.0;30.9;0
2012.0;Лето;Тропическая влажная саванна;Бангалор;Индия;Кондиционирование;;;25.0;Мужской;0.0;1.0;Без изменений;;Без изменений;5.0;0.78;24.9;;65.9;0.2;168.0;55.0;;1.0;;;1.0;30.8;0
2012.0;Лето;Жаркий полузасушливый;Ахмедабад;Индия;Смешанный;Кондиционирование;;55.0;Мужской;2.0;0.0;Без изменений;;Больше;2.0;0.67;34.4;;44.5;0.22;167.0;68.0;;1.0;;;;29.5;1
2012.0;Зима;Тропическая влажная саванна;Ченнай;Индия;Кондиционирование;;;25.0;Мужской;-2.0;0.0;Холоднее;;Без изменений;5.0;0.7;24.9;;67.7;0.23;170.2;55.0;;1.0;;;1.0;30.8;0
2012.0;Лето;Тропическая влажная саванна;Ченнай;Индия;Вентиляция;;;55.0;Мужской;2.0;0.0;Теплее;;Меньше;2.0;0.49;34.3;;49.4;0.65;175.3;70.0;;1.0;;;0.0;38.1;0
2012.0;Лето;Влажный субтропический муссонный;Дели;Индия;Кондиционирование;;;25.0;Мужской;0.0;1.0;Без изменений;;Без изменений;6.0;0.64;22.9;;49.9;0.06;172.7;80.0;;;;;1.0;30.9;0
2012.0;Лето;Тропическая влажная саванна;Ченнай;Индия;Вентиляция;;;45.0;Женский;3.0;0.0;Холоднее;;Меньше;6.0;0.48;35.5;;34.9;0.41;172.7;73.0;;1.0;;;;38.1;0
2012.0;Лето;Тропическая влажная саванна;Ченнай;Индия;Смешанный;Кондиционирование;;;Женский;0.0;1.0;Без изменений;;Меньше;;0.97;27.9;;36.0;0.28;;74.0;;;0.0;0.0;;38.1;0
2012.0;Зима;Субтропическое высокогорье;Шимла;Индия;Смешанный;Кондиционирование;Механическое отопление;25.0;Мужской;0.0;1.0;Без изменений;;Без изменений;6.0;1.68;20.6;;34.6;0.07;190.5;82.0;;;0.0;;;8.5;0
2012.0;Осень;Тропическая влажная саванна;Ченнай;Индия;Смешанный;Вентиляция;;;Женский;-1.0;1.0;Без изменений;;Без изменений;;0.63;28.9;;63.0;0.48;;45.0;;;1.0;1.0;;29.7;0
2012.0;Зима;Влажный субтропический муссонный;Дели;Индия;Смешанный;Вентиляция;;55.0;Женский;-1.0;1.0;Холоднее;;Без изменений;3.0;1.47;18.7;;52.2;0.01;157.5;65.0;;0.0;0.0;;;15.5;0
2012.0;Зима;Жаркий полузасушливый;Хайдарабад;Индия;Смешанный;Вентиляция;;;Женский;-2.0;1.0;Теплее;;Меньше;;0.74;27.7;;49.0;0.0;;56.0;;;1.0;0.0;;21.6;0
2012.0;Зима;Субтропическое высокогорье;Шимла;Индия;Вентиляция;;;35.0;Женский;0.0;1.0;Без изменений;;Больше;5.0;1.74;20.2;;36.4;0.08;167.6;70.0;;;0.0;;;8.5;0
2012.0;Лето;Тропическая влажная саванна;Ченнай;Индия;Кондиционирование;;;25.0;Женский;0.0;1.0;Теплее;;Без изменений;6.0;0.71;26.7;;59.4;0.34;152.4;50.0;;0.0;;;1.0;38.1;0
2012.0;Зима;Жаркий полузасушливый;Ахмедабад;Индия;Смешанный;Кондиционирование;;25.0;Мужской;0.0;1.0;Без изменений;;Больше;5.0;0.57;25.3;;50.8;0.07;175.3;67.0;;;0.0;;1.0;21.3;0
2012.0;Лето;Влажный субтропический муссонный;Дели;Индия;Смешанный;Вентиляция;Механическое отопление;25.0;Женский;3.0;1.0;Теплее;;Без изменений;3.0;0.57;37.4;;41.3;0.13;157.5;50.0;;1.0;0.0;;0.0;30.9;0
2012.0;Осень;Тропическая влажная саванна;Ченнай;Индия;Смешанный;Кондиционирование;;;Мужской;-1.0;0.0;Холоднее;;Без изменений;;0.72;24.8;;51.0;0.13;;80.0;;;0.0;0.0;;29.7;0
2012.0;Зима;Влажный субтропический муссонный;Дели;Индия;Кондиционирование;;;35.0;Мужской;0.0;1.0;Теплее;;Больше;3.0;1.22;23.7;;44.0;0.13;174.0;95.0;;;;;1.0;15.5;2
2012.0;Лето;Тропическая влажная саванна;Ченнай;Индия;Смешанный;Кондиционирование;;;Мужской;0.0;1.0;Без изменений;;Без изменений;;0.7;25.1;;40.0;0.07;;52.0;;;0.0;0.0;;38.1;0
2012.0;Лето;Влажный субтропический муссонный;Дели;Индия;Смешанный;Вентиляция;Механическое отопление;45.0;Мужской;1.0;0.0;Теплее;;Больше;5.0;0.68;36.2;;45.1;0.82;177.8;81.0;;1.0;1.0;;;30.9;0
2012.0;Зима;Влажный субтропический муссонный;Дели;Индия;Кондиционирование;;;25.0;Мужской;0.0;1.0;Без изменений;;Без изменений;6.0;1.0;22.5;;45.8;0.03;180.0;75.0;;;;;1.0;15.5;0
2012.0;Осень;Жаркий полузасушливый;Хайдарабад;Индия;Смешанный;Вентиляция;;;Мужской;-1.0;0.0;Без изменений;;Без изменений;;0.72;27.5;;64.0;0.01;;70.0;;;0.0;1.0;;25.7;0
2012.0;Зима;Влажный субтропический муссонный;Дели;Индия;Кондиционирование;;;25.0;Мужской;1.0;1.0;Без изменений;;Без изменений;6.0;1.02;25.2;;38.9;0.08;172.7;79.0;;;;;1.0;15.5;0
2012.0;Зима;Тропическая влажная саванна;Ченнай;Индия;Смешанный;Кондиционирование;;;Женский;3.0;0.0;Холоднее;;Больше;;0.97;28.6;;65.0;0.02;;60.0;;;0.0;0.0;;30.8;0
2012.0;Лето;Тропическая влажная саванна;Ченнай;Индия;Смешанный;Кондиционирование;;;Мужской;0.0;1.0;Без изменений;;Без изменений;;0.7;27.3;;43.0;0.16;;60.0;;;0.0;0.0;;38.1;0
2012.0;Весна;Тропическая влажная саванна;Ченнай;Индия;Смешанный;Кондиционирование;;;Женский;0.0;1.0;Холоднее;;Без изменений;;0.97;27.5;;48.0;0.14;;63.0;;;0.0;1.0;;30.4;0
2012.0;Осень;Тропическая влажная саванна;Ченнай;Индия;Смешанный;Кондиционирование;;;Мужской;1.0;0.0;Холоднее;;Больше;;0.68;25.4;;54.0;0.09;;63.0;;;0.0;0.0;;29.7;0
2012.0;Зима;Жаркий полузасушливый;Ахмедабад;Индия;Смешанный;Вентиляция;;55.0;Мужской;0.0;1.0;Холоднее;;Больше;6.0;0.85;24.4;;26.5;0.09;157.5;57.0;;0.0;1.0;;;21.3;0
2012.0;Лето;Субтропическое высокогорье;Шимла;Индия;Смешанный;Вентиляция;Механическое отопление;35.0;Мужской;0.0;1.0;Холоднее;;Без изменений;6.0;0.97;21.4;;82.9;0.04;175.3;77.0;;;0.0;;;18.5;0
2012.0;Зима;Субтропическое высокогорье;Шимла;Индия;Вентиляция;;;25.0;Мужской;0.0;1.0;Холоднее;;Больше;5.0;1.83;17.0;;23.9;0.04;170.2;57.0;;;0.0;;;8.5;0
2012.0;Весна;Тропическая влажная саванна;Ченнай;Индия;Смешанный;Кондиционирование;;;Мужской;-1.0;1.0;Холоднее;;Больше;;0.72;27.1;;54.0;0.01;;75.0;;;0.0;0.0;;30.4;0
2012.0;Лето;Жаркий полузасушливый;Ахмедабад;Индия;Смешанный;Кондиционирование;;25.0;Мужской;1.0;0.0;Холоднее;;Больше;4.0;0.74;23.9;;49.5;0.21;170.2;58.0;;;;;1.0;29.5;0
2012.0;Зима;Субтропическое высокогорье;Шимла;Индия;Смешанный;Кондиционирование;Механическое отопление;45.0;Женский;3.0;1.0;Без изменений;;Без изменений;6.0;1.45;20.2;;32.2;0.02;152.4;48.0;;;0.0;;;8.5;0
2012.0;Лето;Тропическая влажная саванна;Бангалор;Индия;Кондиционирование;;;25.0;Мужской;0.0;1.0;Холоднее;;Больше;3.0;0.72;25.3;;62.1;0.05;170.2;73.0;;0.0;;;1.0;30.8;1
2012.0;Лето;Субтропическое высокогорье;Шимла;Индия;Вентиляция;;;55.0;Мужской;-1.0;1.0;Без изменений;;Больше;6.0;0.49;25.2;;49.0;0.04;175.3;67.0;;;1.0;;;18.5;0
2012.0;Лето;Жаркий полузасушливый;Хайдарабад;Индия;Смешанный;Кондиционирование;;;Мужской;2.0;0.0;Холоднее;;Больше;;0.68;28.0;;44.0;0.03;;75.0;;;0.0;0.0;;27.0;0
2012.0;Зима;Тропическая влажная саванна;Ченнай;Индия;Кондиционирование;;;25.0;Мужской;0.0;1.0;Без изменений;;Больше;5.0;0.78;25.7;;65.9;0.56;172.0;80.0;;1.0;;;1.0;30.8;0
2012.0;Зима;Тропическая влажная саванна;Бангалор;Индия;Вентиляция;;;55.0;Мужской;0.0;1.0;Без изменений;;Больше;6.0;0.84;25.3;;45.7;0.03;162.6;75.0;;0.0;0.0;;;29.9;0
2012.0;Осень;Жаркий полузасушливый;Хайдарабад;Индия;Смешанный;Вентиляция;;;Мужской;3.0;0.0;Холоднее;;Больше;;0.68;30.1;;61.0;0.02;;80.0;;;1.0;0.0;;25.7;0
2012.0;Зима;Жаркий полузасушливый;Ахмедабад;Индия;Смешанный;Вентиляция;;35.0;Мужской;0.0;1.0;Без изменений;;Больше;5.0;0.49;26.8;;51.1;0.02;170.2;72.0;;;0.0;;0.0;21.3;0
2012.0;Осень;Тропическая влажная саванна;Ченнай;Индия;Смешанный;Кондиционирование;;;Мужской;-1.0;1.0;Теплее;;Больше;;0.68;27.0;;47.0;0.08;;76.0;;;0.0;0.0;;29.7;0
2012.0;Лето;Жаркий полузасушливый;Ахмедабад;Индия;Смешанный;Кондиционирование;;45.0;Мужской;0.0;1.0;Холоднее;;Больше;3.0;0.61;30.3;;69.8;0.38;170.2;60.0;;1.0;1.0;;0.0;29.5;1
2012.0;Зима;Влажный субтропический муссонный;Дели;Индия;Смешанный;Вентиляция;;45.0;Женский;-1.0;0.0;Холоднее;;Больше;4.0;1.12;20.2;;49.1;0.09;152.4;70.0;;0.0;;;;15.5;0
2012.0;Лето;Влажный субтропический муссонный;Дели;Индия;Смешанный;Кондиционирование;;55.0;Мужской;3.0;0.0;Теплее;;Больше;1.0;0.67;37.1;;47.0;0.5;167.6;75.0;;1.0;1.0;;1.0;30.9;1
2012.0;Лето;Жаркий полузасушливый;Хайдарабад;Индия;Смешанный;Кондиционирование;;;Мужской;0.0;1.0;Без изменений;;Больше;;0.68;25.1;;53.0;0.03;;58.0;;;0.0;0.0;;27.0;0
2012.0;Лето;Жаркий полузасушливый;Хайдарабад;Индия;Смешанный;Вентиляция;;;Женский;0.0;1.0;Без изменений;;Без изменений;;0.63;29.8;;65.0;0.05;;55.0;;;1.0;1.0;;27.0;0
2012.0;Зима;Жаркий полузасушливый;Ахмедабад;Индия;Смешанный;Вентиляция;;35.0;Женский;0.0;1.0;Теплее;;Без изменений;6.0;0.91;25.3;;30.1;0.09;160.0;60.0;;0.0;0.0;;;21.3;0
2012.0;Осень;Тропическая влажная саванна;Ченнай;Индия;Смешанный;Кондиционирование;;;Мужской;3.0;1.0;Теплее;;Больше;;0.62;25.9;;50.0;0.09;;61.0;;;0.0;0.0;;29.7;0
2012.0;Зима;Тропическая влажная саванна;Ченнай;Индия;Смешанный;Кондиционирование;;;Мужской;1.0;1.0;Холоднее;;Больше;;0.64;26.7;;41.0;0.22;;90.0;;;0.0;0.0;;30.8;0
2012.0;Лето;Влажный субтропический муссонный;Дели;Индия;Смешанный;Кондиционирование;;35.0;Женский;0.0;1.0;Без изменений;;Без изменений;5.0;0.53;29.6;;60.4;0.56;157.5;59.0;;1.0;0.0;;1.0;30.9;0
2012.0;Весна;Тропическая влажная саванна;Ченнай;Индия;Смешанный;Кондиционирование;;;Мужской;3.0;1.0;Без изменений;;Больше;;0.68;25.5;;49.0;0.02;;85.0;;;0.0;0.0;;30.4;0
2012.0;Зима;Жаркий полузасушливый;Хайдарабад;Индия;Смешанный;Кондиционирование;;;Женский;-1.0;1.0;Без изменений;;Без изменений;;0.63;25.7;;40.0;0.04;;64.0;;;0.0;1.0;;21.6;0
2012.0;Зима;Субтропическое высокогорье;Шимла;Индия;Смешанный;Кондиционирование;Механическое отопление;55.0;Женский;0.0;1.0;Без изменений;;Без изменений;5.0;1.41;18.9;;31.2;0.04;162.6;58.0;;;0.0;;;8.5;0
2012.0;Зима;Влажный субтропический муссонный;Дели;Индия;Кондиционирование;;;35.0;Мужской;0.0;1.0;Без изменений;;Без изменений;6.0;0.92;25.0;;42.7;0.08;177.8;84.0;;;0.0;;1.0;15.5;0
2012.0;Лето;Субтропическое высокогорье;Шимла;Индия;Смешанный;Вентиляция;Механическое отопление;45.0;Мужской;0.0;1.0;Без изменений;;Без изменений;6.0;0.96;23.5;;74.8;0.02;165.1;58.0;;;0.0;;;18.5;0
2012.0;Лето;Жаркий полузасушливый;Ахмедабад;Индия;Смешанный;Кондиционирование;;35.0;Мужской;0.0;1.0;Без изменений;;Без изменений;6.0;0.68;24.5;;47.1;0.1;167.6;70.0;;;0.0;;1.0;29.5;0
2012.0;Лето;Субтропическое высокогорье;Шимла;Индия;Смешанный;Вентиляция;Механическое отопление;55.0;Мужской;0.0;1.0;Без изменений;;Больше;5.0;0.74;21.1;;84.0;0.01;182.9;78.0;;;0.0;;;18.5;0
2012.0;Зима;Тропическая влажная саванна;Ченнай;Индия;Смешанный;Кондиционирование;;;Мужской;3.0;0.0;Холоднее;;Больше;;0.73;26.7;;41.0;0.6;;55.0;;;0.0;0.0;;30.8;0
2012.0;Зима;Тропическая влажная саванна;Ченнай;Индия;Кондиционирование;;;25.0;Женский;0.0;1.0;Без изменений;;Без изменений;4.0;0.57;26.1;;64.3;0.11;162.6;68.0;;1.0;;;1.0;30.8;0
2012.0;Зима;Жаркий полузасушливый;Ахмедабад;Индия;Смешанный;Вентиляция;;55.0;Мужской;0.0;1.0;Теплее;;Без изменений;6.0;0.94;23.5;;34.3;0.05;162.6;65.0;;0.0;0.0;;;21.3;0
2012.0;Лето;Тропическая влажная саванна;Бангалор;Индия;Кондиционирование;;;25.0;Женский;-1.0;0.0;Холоднее;;Без изменений;5.0;0.97;25.6;;63.2;0.03;157.5;49.0;;0.0;;;1.0;30.8;0
2012.0;Осень;Тропическая влажная саванна;Ченнай;Индия;Смешанный;Кондиционирование;;;Женский;0.0;1.0;Без изменений;;Без изменений;;0.72;24.3;;45.0;0.02;;65.0;;;0.0;0.0;;29.7;0
2012.0;Лето;Жаркий полузасушливый;Ахмедабад;Индия;Вентиляция;;;65.0;Мужской;-1.0;1.0;Без изменений;;Без изменений;6.0;0.64;29.3;;78.8;1.43;157.5;45.0;;1.0;1.0;;;29.5;0
2012.0;Лето;Субтропическое высокогорье;Шимла;Индия;Вентиляция;;;45.0;Мужской;0.0;1.0;Без изменений;;Без изменений;6.0;0.78;27.5;;35.8;0.1;180.3;76.0;;1.0;;;;18.5;0
2012.0;Весна;Тропическая влажная саванна;Ченнай;Индия;Смешанный;Кондиционирование;;;Женский;-1.0;1.0;Холоднее;;Больше;;0.75;27.3;;53.0;0.03;;63.0;;;0.0;0.0;;30.4;0
2012.0;Лето;Тропическая влажная саванна;Ченнай;Индия;Смешанный;Кондиционирование;;;Мужской;0.0;1.0;Теплее;;Без изменений;;0.7;27.5;;55.0;0.18;;55.0;;;0.0;0.0;;38.1;0
2012.0;Зима;Жаркий полузасушливый;Хайдарабад;Индия;Смешанный;Вентиляция;;;Мужской;3.0;1.0;Холоднее;;Больше;;0.72;29.8;;34.0;0.02;;58.0;;;0.0;1.0;;21.6;0
2012.0;Зима;Влажный субтропический муссонный;Дели;Индия;Кондиционирование;;;35.0;Женский;1.0;1.0;Без изменений;;Больше;3.0;1.11;24.2;;43.1;0.08;160.0;55.0;;;;;1.0;15.5;2
2012.0;Лето;Влажный субтропический муссонный;Дели;Индия;Смешанный;Кондиционирование;;45.0;Мужской;0.0;1.0;Без изменений;;Без изменений;6.0;0.7;29.2;;59.7;0.5;170.2;55.0;;1.0;0.0;;1.0;30.9;0
2012.0;Зима;Жаркий полузасушливый;Хайдарабад;Индия;Смешанный;Вентиляция;;;Мужской;0.0;0.0;Без изменений;;Больше;;0.62;27.5;;36.0;0.16;;65.0;;;1.0;1.0;;21.6;0
2012.0;Лето;Тропическая влажная саванна;Бангалор;Индия;Кондиционирование;;;25.0;Женский;0.0;1.0;Без изменений;;Без изменений;5.0;0.53;24.9;;65.4;0.18;154.9;42.0;;1.0;;;1.0;30.8;0
2012.0;Зима;Жаркий полузасушливый;Ахмедабад;Индия;Вентиляция;;;45.0;Мужской;0.0;1.0;Без изменений;;Без изменений;6.0;0.62;24.9;;31.5;0.09;167.6;58.0;;0.0;0.0;;;21.3;0
2012.0;Зима;Субтропическое высокогорье;Шимла;Индия;Вентиляция;;;35.0;Мужской;0.0;1.0;Без изменений;;Без изменений;5.0;1.75;18.0;;40.1;0.04;162.6;58.0;;;0.0;;;8.5;0
2012.0;Лето;Субтропическое высокогорье;Шимла;Индия;Смешанный;Вентиляция;Механическое отопление;45.0;Мужской;0.0;1.0;Без изменений;;Без изменений;6.0;0.84;25.1;;42.8;0.02;165.1;68.0;;;1.0;;;18.5;0
2012.0;Лето;Жаркий полузасушливый;Хайдарабад;Индия;Смешанный;Кондиционирование;;;Мужской;-1.0;1.0;Без изменений;;Без изменений;;0.68;26.3;;47.0;0.03;;65.0;;;0.0;0.0;;27.0;0
2012.0;Зима;Жаркий полузасушливый;Хайдарабад;Индия;Смешанный;Вентиляция;;;Женский;-1.0;1.0;Без изменений;;Без изменений;;0.84;30.4;;32.0;0.25;;62.0;;;0.0;1.0;;21.6;0
2012.0;Лето;Тропическая влажная саванна;Бангалор;Индия;Кондиционирование;;;25.0;Женский;-1.0;1.0;Без изменений;;Без изменений;6.0;0.57;25.3;;63.5;0.45;160.0;67.0;;1.0;;;1.0;30.8;0
2012.0;Зима;Жаркий полузасушливый;Хайдарабад;Индия;Смешанный;Вентиляция;;;Мужской;-1.0;1.0;Без изменений;;Без изменений;;0.72;30.3;;30.0;0.14;;60.0;;;1.0;1.0;;21.6;0
2012.0;Лето;Влажный субтропический муссонный;Дели;Индия;Смешанный;Кондиционирование;;25.0;Мужской;0.0;1.0;Без изменений;;Без изменений;6.0;0.53;26.2;;41.4;0.41;160.0;55.0;;1.0;0.0;;1.0;30.9;0
2012.0;Лето;Тропическая влажная саванна;Бангалор;Индия;Кондиционирование;;;25.0;Мужской;0.0;1.0;Холоднее;;Без изменений;6.0;0.58;24.6;;64.6;0.09;165.1;67.0;;1.0;;;1.0;30.8;0
2012.0;Лето;Жаркий полузасушливый;Ахмедабад;Индия;Смешанный;Кондиционирование;;35.0;Мужской;0.0;1.0;Холоднее;;Больше;5.0;0.72;29.4;;76.1;0.34;175.3;75.0;;1.0;0.0;;;29.5;0
2012.0;Осень;Тропическая влажная саванна;Ченнай;Индия;Смешанный;Кондиционирование;;;Мужской;0.0;1.0;Холоднее;;Больше;;0.68;27.6;;48.0;0.15;;70.0;;;0.0;0.0;;29.7;0
2012.0;Весна;Жаркий полузасушливый;Хайдарабад;Индия;Смешанный;Кондиционирование;;;Мужской;-1.0;0.0;Теплее;;Меньше;;0.62;26.0;;36.0;0.04;;71.0;;;0.0;0.0;;31.5;0
2012.0;Весна;Жаркий полузасушливый;Хайдарабад;Индия;Смешанный;Кондиционирование;;;Мужской;0.0;1.0;Без изменений;;Меньше;;0.62;26.1;;27.0;0.02;;47.0;;;0.0;0.0;;31.5;0
2012.0;Лето;Жаркий полузасушливый;Ахмедабад;Индия;Смешанный;Кондиционирование;;35.0;Мужской;0.0;1.0;Холоднее;;Без изменений;6.0;0.74;24.4;;45.8;0.08;182.9;89.0;;;0.0;;1.0;29.5;0
2012.0;Лето;Жаркий полузасушливый;Хайдарабад;Индия;Смешанный;Кондиционирование;;;Мужской;1.0;1.0;Без изменений;;Больше;;0.68;26.3;;47.0;0.03;;75.0;;;0.0;0.0;;27.0;0
2012.0;Зима;Субтропическое высокогорье;Шимла;Индия;Смешанный;Кондиционирование;Механическое отопление;55.0;Мужской;0.0;1.0;Без изменений;;Без изменений;6.0;1.67;21.7;;28.8;0.03;167.6;68.0;;;0.0;;;8.5;0
2012.0;Зима;Субтропическое высокогорье;Шимла;Индия;Смешанный;Кондиционирование;Механическое отопление;55.0;Мужской;0.0;1.0;Без изменений;;Без изменений;6.0;1.4;25.1;;26.8;0.05;162.6;65.0;;;;;;8.5;0
2012.0;Зима;Тропическая влажная саванна;Ченнай;Индия;Кондиционирование;;;25.0;Мужской;1.0;0.0;Теплее;;Больше;5.0;0.9;26.0;;64.6;0.17;177.8;85.0;;0.0;0.0;;1.0;30.8;0
2012.0;Лето;Жаркий полузасушливый;Ахмедабад;Индия;Смешанный;Кондиционирование;;45.0;Мужской;2.0;0.0;Без изменений;;Больше;4.0;0.79;26.7;;43.0;0.04;167.6;80.0;;;;;1.0;29.5;0
2012.0;Зима;Тропическая влажная саванна;Ченнай;Индия;Смешанный;Кондиционирование;;;Женский;0.0;0.0;Без изменений;;Больше;;0.97;23.3;;55.0;0.05;;56.0;;;0.0;0.0;;30.8;0
2012.0;Зима;Тропическая влажная саванна;Бангалор;Индия;Кондиционирование;;;25.0;Женский;0.0;1.0;Без изменений;;Без изменений;5.0;0.96;25.4;;50.1;0.11;160.0;57.0;;0.0;;;1.0;29.9;0
2012.0;Зима;Тропическая влажная саванна;Бангалор;Индия;Вентиляция;;;35.0;Мужской;0.0;1.0;Без изменений;;Больше;4.0;0.62;27.9;;46.3;0.19;188.0;70.0;;0.0;1.0;;0.0;29.9;0
2012.0;Лето;Тропическая влажная саванна;Ченнай;Индия;Кондиционирование;;;25.0;Женский;-1.0;1.0;Теплее;;Без изменений;4.0;0.57;25.1;;73.1;0.15;162.6;56.0;;1.0;;;1.0;38.1;0
2012.0;Весна;Жаркий полузасушливый;Хайдарабад;Индия;Смешанный;Кондиционирование;;;Мужской;-2.0;1.0;Без изменений;;Меньше;;0.68;22.3;;46.0;0.57;;68.0;;;0.0;0.0;;31.5;0
2012.0;Зима;Жаркий полузасушливый;Хайдарабад;Индия;Смешанный;Вентиляция;;;Мужской;1.0;1.0;Теплее;;Больше;;0.68;27.8;;47.0;0.15;;75.0;;;0.0;1.0;;21.6;0
2012.0;Лето;Жаркий полузасушливый;Ахмедабад;Индия;Смешанный;Кондиционирование;;35.0;Мужской;0.0;1.0;Без изменений;;Без изменений;6.0;0.68;25.8;;46.4;0.1;160.0;60.0;;;;;1.0;29.5;0
2012.0;Зима;Влажный субтропический муссонный;Дели;Индия;Кондиционирование;;;25.0;Мужской;1.0;1.0;Без изменений;;Больше;6.0;0.93;23.8;;43.8;0.06;164.0;65.0;;;;;1.0;15.5;0
2012.0;Лето;Влажный субтропический муссонный;Дели;Индия;Кондиционирование;;;45.0;Мужской;0.0;1.0;Без изменений;;Без изменений;6.0;0.83;23.9;;54.7;0.06;180.3;110.0;;;;;1.0;30.9;0
2012.0;Зима;Тропическая влажная саванна;Бангалор;Индия;Вентиляция;;;35.0;Мужской;0.0;1.0;Теплее;;Больше;4.0;0.81;28.2;;44.9;0.06;154.9;65.0;;0.0;1.0;;0.0;29.9;0
2012.0;Зима;Тропическая влажная саванна;Ченнай;Индия;Смешанный;Кондиционирование;;;Женский;1.0;1.0;Холоднее;;Больше;;0.97;26.4;;42.0;0.16;;55.0;;;0.0;0.0;;30.8;0
2012.0;Зима;Тропическая влажная саванна;Ченнай;Индия;Смешанный;Кондиционирование;;;Мужской;-1.0;1.0;Без изменений;;Больше;;0.73;26.8;;54.0;0.1;;65.0;;;0.0;0.0;;30.8;0
2012.0;Лето;Жаркий полузасушливый;Ахмедабад;Индия;Смешанный;Кондиционирование;;35.0;Мужской;-2.0;1.0;Без изменений;;Больше;6.0;0.73;25.9;;46.8;0.14;180.0;74.0;;;;;1.0;29.5;0
2012.0;Зима;Жаркий полузасушливый;Ахмедабад;Индия;Вентиляция;;;25.0;Мужской;-1.0;1.0;Без изменений;;Без изменений;5.0;0.59;22.9;;27.7;0.03;172.7;55.0;;0.0;0.0;;;21.3;0
2012.0;Лето;Субтропическое высокогорье;Шимла;Индия;Вентиляция;;;55.0;Мужской;0.0;1.0;Без изменений;;Без изменений;5.0;0.68;21.6;;85.1;0.02;160.0;56.0;;;0.0;;;18.5;0
2012.0;Зима;Влажный субтропический муссонный;Дели;Индия;Кондиционирование;;;25.0;Мужской;0.0;1.0;Без изменений;;Больше;6.0;1.03;23.2;;45.2;0.06;174.0;70.0;;;;;1.0;15.5;0
2012.0;Осень;Тропическая влажная саванна;Ченнай;Индия;Смешанный;Кондиционирование;;;Мужской;0.0;1.0;Холоднее;;Больше;;0.62;26.5;;57.0;0.07;;57.0;;;0.0;0.0;;29.7;0
2012.0;Лето;Тропическая влажная саванна;Бангалор;Индия;Кондиционирование;;;35.0;Женский;0.0;1.0;Теплее;;Без изменений;5.0;0.63;23.2;;44.3;0.11;162.6;85.0;;0.0;0.0;;1.0;30.8;0
2012.0;Лето;Тропическая влажная саванна;Бангалор;Индия;Вентиляция;;;55.0;Мужской;0.0;1.0;Без изменений;;Без изменений;6.0;0.67;26.1;;68.9;0.18;175.3;76.0;;;1.0;;;30.8;0
2012.0;Зима;Жаркий полузасушливый;Хайдарабад;Индия;Смешанный;Вентиляция;;;Мужской;2.0;0.0;Холоднее;;Больше;;0.68;26.6;;47.0;0.02;;69.0;;;0.0;1.0;;21.6;0
2012.0;Лето;Тропическая влажная саванна;Бангалор;Индия;Кондиционирование;;;25.0;Мужской;-1.0;1.0;Холоднее;;Без изменений;6.0;0.7;25.7;;61.9;0.11;177.8;60.0;;0.0;;;1.0;30.8;0
2012.0;Лето;Влажный субтропический муссонный;Дели;Индия;Кондиционирование;;;45.0;Мужской;0.0;1.0;Теплее;;Без изменений;6.0;0.74;24.8;;51.5;0.12;170.2;70.0;;;0.0;;1.0;30.9;0
2012.0;Зима;Тропическая влажная саванна;Бангалор;Индия;Кондиционирование;;;25.0;Женский;1.0;0.0;Теплее;;Больше;5.0;0.66;26.1;;50.1;0.12;165.1;58.0;;0.0;;;1.0;29.9;0
2012.0;Лето;Жаркий полузасушливый;Ахмедабад;Индия;Вентиляция;;;25.0;Мужской;-1.0;1.0;Без изменений;;Без изменений;6.0;0.74;28.7;;82.4;1.0;160.0;50.0;;1.0;1.0;;;29.5;0
2012.0;Зима;Жаркий полузасушливый;Хайдарабад;Индия;Смешанный;Вентиляция;;;Мужской;1.0;0.0;Холоднее;;Больше;;0.72;29.5;;39.0;0.02;;56.0;;;0.0;0.0;;21.6;0
2012.0;Лето;Тропическая влажная саванна;Ченнай;Индия;Смешанный;Кондиционирование;;;Мужской;1.0;0.0;Без изменений;;Больше;;0.72;28.8;;40.0;0.01;;60.0;;;0.0;0.0;;38.1;0
2012.0;Лето;Влажный субтропический муссонный;Дели;Индия;Смешанный;Вентиляция;;35.0;Мужской;0.0;1.0;Теплее;;Без изменений;5.0;0.46;31.6;;69.1;0.32;172.7;50.0;;1.0;1.0;;0.0;30.9;0
2012.0;Зима;Тропическая влажная саванна;Ченнай;Индия;Смешанный;Кондиционирование;;;Мужской;-1.0;1.0;Без изменений;;Без изменений;;0.64;26.5;;61.0;0.16;;65.0;;;0.0;0.0;;30.8;0
2012.0;Зима;Жаркий полузасушливый;Хайдарабад;Индия;Смешанный;Кондиционирование;;;Женский;-1.0;1.0;Холоднее;;Больше;;0.74;26.9;;42.0;0.02;;76.0;;;0.0;0.0;;21.6;0
2012.0;Зима;Жаркий полузасушливый;Хайдарабад;Индия;Смешанный;Кондиционирование;;;Женский;-1.0;1.0;Холоднее;;Больше;;0.74;26.9;;42.0;0.02;;76.0;;;0.0;0.0;;21.6;0
2012.0;Зима;Жаркий полузасушливый;Хайдарабад;Индия;Смешанный;Кондиционирование;;;Женский;-1.0;1.0;Холоднее;;Больше;;0.74;26.9;;42.0;0.02;;76.0;;;0.0;0.0;;21.6;0